Feed_Temp_C,Feed_Pressure_atm,Feed_x_Benzene,Num_Stages,Feed_Stage,Reflux_Ratio,Bottoms_Rate_kmol_h,xD_Benzene,xB_Toluene,Qc_kW,Qr_kW
47.47,1.28,0.4047,12,7,3.4483,15.87,0.9856,0.995,853.99,918.22
82.04,1.81,0.3988,18,7,3.9462,10.44,0.9915,0.995,878.74,945.77
68.92,2.31,0.6625,14,8,2.8966,11.06,0.998,0.9846,756.87,831.85
60.92,2.1,0.3998,17,9,2.6104,12.83,0.9803,0.995,737.69,806.53
34.36,2.21,0.4088,16,7,3.6596,8.63,0.9881,0.995,782.13,857.17
34.36,1.99,0.6038,17,7,3.867,14.11,0.998,0.995,873.01,940.98
28.49,2.04,0.4799,16,8,3.3127,17.84,0.9947,0.995,847.02,918.65
76.97,2.27,0.6107,12,5,2.4473,11.61,0.998,0.9857,722.71,798.44
61.07,1.37,0.3261,11,6,2.8582,15.53,0.9713,0.995,800.3,861.11
67.48,1.73,0.495,16,8,3.1626,13.0,0.9968,0.995,812.58,882.1
26.24,1.33,0.3134,12,7,1.744,9.28,0.9479,0.995,574.39,633.15
83.19,2.48,0.3251,12,6,2.4522,13.82,0.962,0.995,748.91,829.48
74.95,2.42,0.6626,11,5,3.5235,11.0,0.998,0.9947,825.93,899.63
37.74,1.06,0.3557,13,6,3.0332,8.34,0.9803,0.995,712.8,770.29
35.91,2.06,0.513,17,9,2.3514,14.35,0.9889,0.995,708.72,779.31
36.0,2.39,0.4644,10,6,3.0574,16.59,0.9903,0.995,812.49,886.89
43.25,1.27,0.4389,10,6,1.531,11.45,0.9612,0.9869,590.77,646.51
56.49,1.85,0.6599,14,6,2.3242,11.9,0.998,0.9825,691.91,759.16
50.92,2.37,0.3087,14,6,3.4208,16.91,0.9752,0.995,870.7,945.65
42.47,1.05,0.5655,10,4,1.8174,16.14,0.9935,0.9905,675.97,732.08
61.71,2.05,0.6854,15,8,1.7207,15.15,0.998,0.9719,672.33,744.48
33.37,1.45,0.5241,10,4,3.8623,10.49,0.998,0.995,826.47,886.55
42.53,2.39,0.6747,14,7,1.7877,17.1,0.9977,0.9769,689.64,768.95
46.98,2.46,0.3209,18,9,1.9306,9.54,0.9583,0.995,616.44,692.21
52.36,2.42,0.4675,14,8,3.9149,14.27,0.9963,0.995,894.33,971.78
72.11,1.71,0.4041,15,7,3.2572,8.29,0.9902,0.995,764.81,830.66
36.98,2.29,0.5923,17,8,3.1589,14.44,0.998,0.995,795.75,869.75
55.85,2.27,0.6925,10,5,3.5882,10.77,0.998,0.9922,822.88,896.97
60.54,1.48,0.4026,11,6,1.5243,12.5,0.9581,0.9943,614.03,674.33
27.79,2.24,0.5617,18,8,3.1767,11.45,0.998,0.995,759.37,832.24
61.45,1.06,0.3792,12,7,2.6103,9.73,0.9818,0.995,704.06,757.21
35.23,1.89,0.5261,15,9,3.5216,14.22,0.998,0.995,835.65,902.97
28.9,1.35,0.4856,14,6,2.6228,16.82,0.9871,0.995,767.53,826.77
81.93,1.18,0.6888,11,5,2.9367,17.59,0.998,0.995,846.01,905.41
82.94,1.12,0.5434,16,8,2.5377,9.92,0.998,0.9894,719.78,775.85
73.5,2.04,0.4398,13,7,2.5388,15.17,0.9828,0.995,772.18,841.95
43.28,1.51,0.3456,10,4,3.3503,14.64,0.9725,0.995,828.14,891.22
30.86,2.09,0.3605,13,7,2.96,11.43,0.9753,0.995,736.79,808.46
66.05,1.1,0.3901,15,8,2.9731,8.19,0.9839,0.995,721.53,776.82
51.41,1.47,0.4004,16,7,2.4608,14.9,0.9766,0.995,738.04,800.93
32.32,1.81,0.6402,16,9,2.6871,17.45,0.998,0.995,779.84,846.62
54.71,2.19,0.5245,16,9,3.288,14.32,0.998,0.995,827.83,899.44
27.06,1.48,0.5094,12,5,3.5126,12.35,0.998,0.995,810.05,871.24
79.56,1.94,0.3459,15,7,3.1504,13.25,0.979,0.995,825.32,896.3
40.53,2.33,0.6441,17,8,3.7874,10.0,0.998,0.9922,819.81,893.81
64.75,1.92,0.5891,13,8,3.4969,15.51,0.998,0.995,873.14,942.52
43.7,1.35,0.3271,17,10,2.7732,15.46,0.9668,0.995,774.12,831.79
56.2,1.04,0.5831,11,5,3.0799,9.46,0.998,0.9946,742.07,799.85
57.8,2.31,0.5174,19,10,3.7937,16.78,0.998,0.995,913.09,986.5
36.09,1.03,0.3327,18,9,2.9337,10.69,0.9768,0.995,729.26,785.54
83.18,2.31,0.4833,18,9,3.5095,17.82,0.9927,0.995,919.38,993.56
71.51,1.79,0.4939,17,8,3.1287,11.83,0.9955,0.995,794.87,862.55
81.37,2.41,0.3663,19,8,2.7454,9.78,0.9727,0.995,735.1,812.12
78.69,2.2,0.6783,19,9,1.8771,11.52,0.998,0.9648,655.9,728.59
60.87,2.5,0.64,10,5,2.3928,12.4,0.998,0.9863,704.78,778.5
80.31,1.53,0.5676,11,4,3.9097,8.69,0.998,0.995,842.87,907.94
30.31,2.15,0.4849,15,9,3.0417,13.78,0.9955,0.995,769.23,841.22
36.76,1.6,0.4647,19,8,2.7803,13.98,0.9874,0.995,752.08,816.86
27.71,1.72,0.5604,14,6,3.8123,15.39,0.998,0.995,879.18,946.36
44.52,1.94,0.5182,18,9,2.8422,8.29,0.998,0.9949,700.66,768.87
48.32,2.31,0.3249,14,8,2.673,13.41,0.9683,0.995,746.02,821.71
41.28,2.48,0.505,11,5,3.3261,8.53,0.998,0.995,749.7,825.34
74.72,2.15,0.6226,19,9,3.1955,15.01,0.998,0.995,844.85,917.91
46.41,1.63,0.4837,13,8,1.7408,8.56,0.9782,0.9872,578.51,642.95
41.86,1.63,0.3208,18,8,2.5197,17.12,0.9633,0.995,768.62,832.25
57.56,2.11,0.6145,10,5,2.523,15.02,0.998,0.995,748.81,820.5
33.46,1.36,0.3805,10,6,2.259,13.07,0.9713,0.995,678.61,736.88
73.13,1.17,0.4034,16,7,2.6484,12.42,0.9841,0.995,753.77,811.87
29.47,1.53,0.3659,12,6,2.3567,9.31,0.978,0.995,643.88,707.69
84.21,1.43,0.4321,19,9,1.7582,10.91,0.9693,0.9907,639.65,701.8
71.33,1.44,0.6027,11,5,2.3546,16.69,0.998,0.995,769.66,834.33
36.92,1.35,0.5078,18,8,1.4024,17.04,0.9715,0.9923,641.99,702.05
25.33,1.06,0.382,12,5,2.8122,8.01,0.9829,0.995,674.4,730.29
73.93,1.03,0.6511,11,5,3.5902,13.94,0.998,0.995,872.2,925.26
67.41,2.48,0.6518,17,7,3.2308,15.19,0.998,0.995,842.04,922.41
68.74,1.64,0.6482,19,11,2.2091,14.19,0.998,0.9874,709.76,771.39
71.28,1.58,0.3955,15,7,1.4438,8.82,0.9556,0.978,567.45,631.56
29.44,2.02,0.4805,15,7,1.766,10.18,0.9814,0.9815,592.77,661.83
46.51,1.33,0.694,19,11,2.7274,10.5,0.998,0.9768,710.76,770.8
31.95,2.42,0.6088,16,9,1.7798,16.32,0.998,0.9896,668.73,742.49
76.79,2.18,0.3109,16,6,2.7231,12.63,0.9691,0.995,763.35,837.82
62.4,1.13,0.3261,15,9,1.8485,12.87,0.9586,0.995,661.32,716.42
44.85,1.63,0.4856,13,6,3.577,17.35,0.9945,0.995,883.45,950.18
28.81,2.32,0.6637,18,8,2.3124,14.37,0.998,0.9922,701.04,773.97
43.66,2.42,0.5155,15,8,1.8875,16.99,0.9832,0.995,696.2,774.41
44.51,1.7,0.4991,13,7,3.4745,12.57,0.998,0.995,816.22,880.07
68.78,1.92,0.3422,12,6,2.1599,9.49,0.9662,0.995,654.16,721.73
63.25,1.25,0.5627,13,6,1.5122,17.3,0.9791,0.9878,675.22,733.97
78.23,2.49,0.6288,12,6,2.7971,12.59,0.998,0.995,773.21,848.81
53.33,1.35,0.4522,11,5,2.8284,9.82,0.9935,0.995,721.77,780.23
32.18,2.41,0.6102,14,8,3.2011,11.02,0.998,0.995,760.44,834.98
67.79,1.97,0.6858,11,5,1.8726,8.51,0.998,0.9579,610.82,681.08
70.65,1.91,0.3815,15,9,2.4426,12.68,0.9768,0.995,726.1,794.77
58.68,1.77,0.5093,12,6,1.9906,16.53,0.9808,0.995,711.91,778.55
71.26,1.35,0.4149,15,8,1.4267,17.34,0.9564,0.995,670.41,729.95
54.63,1.26,0.6171,19,10,3.6545,17.33,0.998,0.995,905.4,965.46
56.36,1.33,0.531,18,10,3.2408,9.25,0.998,0.995,764.73,826.79
50.65,1.28,0.5538,10,5,2.0441,11.82,0.9939,0.9859,653.39,713.74
26.53,2.17,0.6192,15,7,2.8782,8.28,0.998,0.9802,684.53,756.65
31.47,1.53,0.4584,18,8,1.7635,16.55,0.9693,0.995,665.66,726.09
26.89,1.09,0.666,13,7,3.6927,11.59,0.998,0.995,816.56,868.91
63.18,2.45,0.5132,11,6,1.5217,14.31,0.9725,0.9867,634.62,711.3
43.86,2.33,0.3632,13,6,1.2107,15.15,0.9455,0.9948,597.42,668.32
55.51,2.39,0.5784,10,4,2.6056,12.3,0.998,0.995,724.45,799.93
79.45,2.49,0.6173,12,6,2.8328,11.06,0.998,0.9852,759.14,839.33
39.96,1.26,0.4267,19,10,2.8211,17.62,0.9777,0.995,803.66,860.27
49.62,1.59,0.6429,18,9,1.3526,17.64,0.9865,0.9749,648.84,710.18
70.33,2.14,0.6625,19,11,2.0793,10.89,0.998,0.97,662.53,735.87
38.73,2.04,0.4108,14,8,2.5978,12.8,0.9796,0.995,718.95,784.0
29.62,1.23,0.6934,15,7,1.8064,17.73,0.998,0.9826,683.45,742.67
42.39,2.22,0.3563,12,6,3.6434,8.05,0.9809,0.995,786.17,862.46
34.67,1.34,0.3808,14,7,1.4439,12.13,0.9555,0.995,585.08,643.39
80.78,1.34,0.3737,17,8,2.5647,9.0,0.9791,0.995,702.72,760.67
73.49,1.81,0.6576,15,7,3.136,13.09,0.998,0.9944,811.34,879.6
63.0,1.89,0.5617,13,5,1.9329,8.25,0.9913,0.9779,614.82,680.82
77.29,1.87,0.3608,11,6,2.9479,12.07,0.9821,0.995,778.85,848.52
73.22,1.14,0.4761,18,9,3.5223,10.21,0.9965,0.995,814.26,869.14
36.19,2.32,0.5461,10,5,1.7329,13.33,0.9809,0.9844,624.19,702.47
78.55,1.4,0.3334,10,6,3.7682,17.96,0.9691,0.995,946.68,1008.98
57.36,1.19,0.653,13,7,2.75,16.01,0.998,0.995,789.88,847.87
73.45,2.33,0.6214,16,7,2.0378,16.46,0.998,0.9909,731.27,809.69
78.77,2.43,0.5021,10,5,2.4064,14.35,0.9937,0.995,748.23,826.79
44.08,2.29,0.6869,18,9,2.0741,8.42,0.998,0.9612,610.6,685.74
31.6,2.21,0.4671,13,7,3.2303,10.07,0.9968,0.995,748.19,817.68
38.68,1.98,0.6936,12,7,3.4296,17.25,0.998,0.995,861.19,929.53
50.63,1.83,0.5672,10,5,3.5322,11.66,0.998,0.995,821.53,891.09
74.08,1.13,0.5539,19,9,3.9602,9.04,0.998,0.995,857.8,912.15
76.64,1.61,0.3664,13,7,3.4156,15.02,0.9827,0.995,867.43,930.09
25.42,1.56,0.6528,18,7,2.8839,10.99,0.998,0.9873,714.94,776.28
55.64,1.39,0.471,19,8,2.1498,10.69,0.9862,0.995,660.75,722.4
50.04,2.09,0.3649,15,7,2.7249,17.98,0.971,0.995,809.32,882.53
38.33,1.74,0.305,15,6,1.315,16.58,0.9322,0.995,627.2,695.29
32.19,1.12,0.5239,10,4,3.2855,12.08,0.998,0.995,782.02,837.14
45.26,1.33,0.511,19,11,2.4487,17.8,0.9897,0.995,768.49,829.22
81.57,2.02,0.5877,11,6,1.2561,14.5,0.9773,0.9657,627.33,695.9
44.39,1.11,0.6561,15,7,1.375,15.42,0.9969,0.9678,625.48,681.78
56.13,2.28,0.3318,11,5,2.2849,8.32,0.9637,0.995,648.3,723.5
67.18,1.74,0.5926,12,5,2.8336,9.22,0.998,0.9911,724.87,793.14
46.82,1.72,0.375,13,6,2.4998,14.33,0.9719,0.995,733.17,794.68
83.31,1.89,0.6433,14,6,2.9338,16.99,0.998,0.995,841.8,910.32
82.75,2.24,0.6276,18,11,2.5448,14.24,0.998,0.9939,763.78,840.15
40.11,1.52,0.5163,13,6,3.0528,9.34,0.998,0.995,734.03,797.32
54.83,2.02,0.5841,18,9,1.8136,9.16,0.9959,0.9725,600.89,671.31
43.05,1.85,0.4257,19,8,1.516,16.44,0.9612,0.995,649.97,716.57
42.09,1.4,0.4885,12,7,2.87,9.39,0.998,0.995,710.11,773.88
27.21,2.32,0.6287,17,9,2.5571,13.2,0.998,0.9934,710.05,783.79
61.57,2.2,0.4837,10,6,1.2752,8.37,0.962,0.9576,539.65,612.39
55.16,1.99,0.4431,18,10,2.2653,8.81,0.9757,0.9914,650.63,719.51
28.09,2.28,0.4977,18,8,1.4972,14.72,0.9737,0.9884,613.06,687.42
41.72,2.3,0.6313,19,9,2.6878,14.89,0.998,0.995,754.32,831.68
79.5,2.06,0.4341,11,6,2.3082,11.41,0.9826,0.995,704.53,773.66
39.37,2.26,0.3695,13,6,2.9168,10.16,0.9752,0.995,721.92,795.98
33.69,2.05,0.5848,17,9,3.4557,16.14,0.998,0.995,855.36,926.83
54.37,2.02,0.6304,16,6,2.0391,10.17,0.998,0.9757,639.06,707.74
84.14,1.93,0.3403,10,4,3.8939,13.42,0.9762,0.995,904.68,973.48
39.52,2.13,0.3959,14,7,2.6998,17.68,0.9814,0.995,796.7,872.34
65.33,1.24,0.3568,16,8,2.9312,9.48,0.9803,0.995,740.66,795.69
70.7,2.32,0.4392,13,7,3.1059,17.41,0.9858,0.995,854.42,928.4
39.26,2.31,0.4801,10,4,3.0668,9.83,0.9977,0.995,734.33,809.45
68.69,1.04,0.5995,18,9,2.6307,13.67,0.998,0.995,759.85,814.76
47.07,2.24,0.5605,14,6,2.4005,11.77,0.998,0.995,693.08,772.44
62.94,1.19,0.5484,11,5,1.3506,17.65,0.9693,0.9886,663.38,722.37
63.01,1.5,0.4409,17,8,1.2618,10.74,0.9593,0.9757,566.05,626.5
57.15,2.12,0.6366,11,5,2.2023,12.0,0.998,0.9818,684.03,751.09
30.42,1.24,0.4885,12,5,2.1343,17.83,0.985,0.995,716.33,775.63
75.12,2.23,0.6916,19,9,2.2855,13.36,0.998,0.982,721.42,793.31
44.25,2.25,0.5537,10,5,1.5874,13.03,0.9805,0.9777,614.48,690.78
36.19,1.76,0.3505,11,5,3.2669,10.58,0.9833,0.995,763.88,829.75
27.45,1.01,0.5705,16,7,3.5995,15.01,0.998,0.995,847.76,901.76
60.45,1.43,0.43,19,8,3.8284,8.14,0.9939,0.995,820.63,880.92
65.65,1.93,0.5745,11,5,2.5786,8.5,0.998,0.9824,684.65,755.5
26.0,2.47,0.3279,15,8,3.1624,13.99,0.9686,0.995,780.02,857.93
55.73,1.95,0.37,12,5,3.5955,11.42,0.9863,0.995,823.98,896.7
38.59,1.39,0.6423,13,6,2.3712,17.53,0.998,0.995,755.17,815.59
63.71,1.95,0.3909,17,8,2.0664,17.03,0.9689,0.995,727.72,798.71
35.46,1.81,0.6348,12,6,3.8228,15.14,0.998,0.995,878.81,947.72
66.46,2.17,0.4117,19,11,2.6439,16.18,0.978,0.995,790.69,864.58
48.2,1.16,0.5572,15,8,2.5923,14.67,0.998,0.995,749.62,806.01
81.2,2.14,0.5777,10,5,1.6996,9.26,0.9943,0.9629,616.37,689.44
33.25,1.81,0.5051,16,8,1.5028,15.66,0.9739,0.9949,623.67,690.66
45.46,2.44,0.4221,17,9,3.5579,10.1,0.9901,0.995,798.0,874.42
31.81,1.51,0.3851,17,9,2.9196,11.23,0.9815,0.995,735.42,796.5
80.48,1.95,0.3133,12,5,2.1123,16.19,0.9605,0.995,737.67,802.66
77.64,2.4,0.4216,19,8,1.7369,13.37,0.966,0.995,666.65,745.12
40.48,1.15,0.5613,10,5,2.7554,16.6,0.998,0.995,783.96,842.13
64.6,2.41,0.6753,18,10,2.835,10.13,0.998,0.9823,736.39,809.79
74.03,2.03,0.6485,15,8,1.7796,14.08,0.998,0.9786,677.71,749.62
58.31,1.1,0.6064,18,10,3.5839,8.84,0.998,0.9929,798.23,857.29
56.78,1.45,0.6154,16,8,1.4359,14.43,0.9867,0.9718,624.77,688.1
39.51,2.06,0.566,10,5,2.1971,15.63,0.998,0.995,712.48,781.63
30.59,1.1,0.4041,10,4,3.1051,13.85,0.9773,0.995,780.23,835.29
78.83,1.87,0.6629,15,7,1.9675,10.66,0.998,0.9712,658.26,725.27
79.03,1.52,0.5683,14,8,3.5175,8.31,0.998,0.995,796.15,860.65
62.99,1.93,0.5242,18,9,3.2716,9.19,0.998,0.995,770.69,840.62
45.34,1.07,0.3444,11,5,3.4093,14.22,0.9752,0.995,835.54,897.15
45.95,2.31,0.4788,17,10,1.5335,17.34,0.9628,0.9932,662.68,734.01
68.56,2.46,0.4841,14,6,1.5935,10.07,0.9717,0.9839,604.2,681.0
78.83,2.45,0.6458,11,7,2.0021,15.35,0.998,0.9892,726.78,799.72
78.23,2.12,0.5187,19,9,2.6506,16.66,0.9918,0.995,804.04,877.1
71.79,1.2,0.4522,15,7,3.2944,13.21,0.9879,0.995,830.17,890.23
63.52,2.14,0.6907,19,9,3.5423,14.69,0.998,0.995,868.21,943.16
30.05,1.04,0.3443,17,7,3.1721,16.15,0.9738,0.995,817.45,873.38
34.7,1.03,0.469,13,5,3.8001,10.61,0.998,0.995,825.41,877.08
78.91,1.49,0.3168,11,6,3.2685,10.97,0.9733,0.995,803.55,865.73
61.39,1.73,0.596,14,8,2.0576,8.01,0.998,0.9744,619.53,686.39
25.55,2.16,0.6672,11,6,1.9422,17.63,0.998,0.9942,691.08,761.4
31.09,2.02,0.412,11,5,3.1493,17.18,0.9841,0.995,826.38,896.22
64.81,1.67,0.6433,15,8,1.74,15.65,0.998,0.9884,683.7,746.18
25.3,1.41,0.4169,19,8,1.4596,8.79,0.9578,0.9764,533.47,593.4
34.65,2.5,0.6643,18,7,2.6902,12.48,0.998,0.9851,724.08,803.34
57.92,1.64,0.6016,13,7,3.5006,9.02,0.998,0.9899,789.26,855.21
66.51,1.68,0.622,15,8,1.4839,8.16,0.998,0.9538,562.48,624.85
64.12,1.25,0.3072,16,7,3.4173,14.16,0.9712,0.995,841.58,898.85
38.46,2.19,0.6851,15,6,3.4724,17.61,0.998,0.995,878.12,951.11
67.73,2.04,0.5907,17,10,2.5504,17.03,0.998,0.995,790.62,861.68
39.23,1.33,0.4219,13,5,1.3605,14.97,0.9602,0.9945,618.65,677.29
44.52,1.12,0.6318,10,5,1.6889,8.97,0.998,0.9619,582.23,640.03
69.79,2.02,0.4126,16,8,3.1808,10.74,0.9865,0.995,788.64,858.88
63.98,1.98,0.6491,12,5,3.193,11.2,0.998,0.995,781.57,846.14
75.95,1.41,0.345,15,7,3.7154,15.63,0.9763,0.995,901.73,961.74
64.46,2.43,0.5815,11,5,2.8315,16.02,0.998,0.995,805.43,880.62
59.1,1.23,0.5163,18,10,1.5475,11.85,0.9794,0.9741,606.27,666.03
30.62,1.65,0.3386,10,5,1.54,12.18,0.9479,0.995,587.99,654.11
47.06,2.42,0.3968,15,8,3.2192,8.45,0.9832,0.995,750.68,823.57
40.91,1.63,0.305,15,9,1.7146,10.89,0.9562,0.995,605.6,670.92
39.64,1.96,0.4875,14,8,2.1195,12.51,0.9843,0.995,662.2,731.42
83.38,1.6,0.4205,14,7,2.5642,9.17,0.9845,0.995,701.71,765.9
48.59,1.41,0.5393,10,5,1.2693,12.53,0.9713,0.9663,575.83,635.77
78.52,2.48,0.4189,19,10,1.8967,16.53,0.9656,0.995,718.16,795.18
62.87,1.61,0.42,14,7,2.3421,13.81,0.9797,0.995,722.72,789.23
72.69,2.34,0.5973,11,6,1.983,8.79,0.998,0.9754,627.91,703.25
55.16,1.34,0.3193,16,8,1.5818,9.92,0.9471,0.995,590.52,650.61
59.61,1.32,0.6612,12,5,3.2384,12.75,0.998,0.9947,804.73,863.57
54.55,1.05,0.6409,13,6,3.4768,11.61,0.998,0.995,817.41,875.22
36.71,1.98,0.5671,12,5,1.9209,11.59,0.9902,0.9765,629.88,696.99
68.35,1.55,0.5373,12,5,3.3684,13.29,0.998,0.995,837.53,899.21
41.85,2.3,0.6569,13,5,2.2795,13.84,0.998,0.9853,699.64,771.41
26.46,1.71,0.3741,14,7,2.6187,15.97,0.9722,0.995,748.07,814.12
63.73,2.45,0.3316,10,5,3.5968,11.41,0.9818,0.995,831.75,910.9
35.63,1.28,0.3958,13,6,3.2999,16.05,0.9827,0.995,832.39,890.91
81.43,2.3,0.6178,17,8,3.4543,11.39,0.998,0.995,837.95,910.35
82.24,2.16,0.3139,19,9,1.5832,8.55,0.9495,0.9882,592.82,668.56
79.89,2.16,0.5331,16,7,1.3952,13.54,0.97,0.9799,629.9,703.15
47.21,2.27,0.6982,18,10,3.7015,13.88,0.998,0.995,864.13,938.69
25.93,2.14,0.6423,14,8,2.2859,17.35,0.998,0.995,730.34,802.08
80.7,1.94,0.5086,19,11,2.0061,15.26,0.9851,0.995,721.72,792.15
50.69,1.2,0.3255,13,7,3.2291,17.18,0.9751,0.995,850.78,909.25
83.0,1.05,0.6325,17,9,3.542,17.08,0.998,0.995,909.6,964.37
82.82,2.38,0.5396,18,7,3.615,14.05,0.998,0.995,879.51,954.6
76.18,1.92,0.346,16,7,2.0848,13.28,0.9662,0.995,705.15,771.99
42.67,2.19,0.3375,16,7,3.5862,13.57,0.9847,0.995,841.3,911.93
48.11,1.72,0.6639,14,8,1.3146,17.78,0.9857,0.9687,642.97,708.21
76.07,1.18,0.5677,13,6,1.3391,15.73,0.9766,0.9809,647.52,707.47
44.02,1.19,0.6317,19,8,2.9459,9.06,0.998,0.9885,716.06,771.81
35.17,2.03,0.6516,10,6,1.3767,15.78,0.9925,0.9699,617.82,689.91
58.41,1.65,0.5287,19,11,2.1089,9.71,0.9931,0.9854,646.1,709.19
81.17,1.3,0.507,19,11,3.0837,12.47,0.9972,0.995,808.39,864.33
66.76,1.74,0.4722,16,6,2.1443,10.1,0.9842,0.9927,660.85,728.0
59.2,1.1,0.4268,10,4,1.7029,14.9,0.969,0.995,661.3,721.0
30.83,1.87,0.4738,10,5,1.9878,16.77,0.9743,0.995,693.08,759.47
61.9,1.4,0.6096,14,6,2.4812,10.9,0.998,0.9835,705.27,763.18
84.4,2.2,0.5408,18,7,2.5311,8.82,0.998,0.9871,695.91,769.76
33.41,1.47,0.657,15,7,3.3924,10.98,0.998,0.9936,778.58,838.72
56.1,1.68,0.4774,12,7,3.3004,14.72,0.998,0.995,835.25,901.56
77.64,1.02,0.5428,12,6,2.4791,11.29,0.9932,0.995,715.14,772.71
69.45,1.11,0.5525,16,9,3.5679,10.78,0.998,0.995,826.46,883.75
66.82,1.59,0.5367,15,8,1.5199,9.84,0.9772,0.9679,587.34,652.79
67.15,1.72,0.5811,18,8,1.915,12.98,0.9978,0.9871,672.7,740.13
46.57,1.9,0.395,15,8,3.5183,10.76,0.986,0.995,802.64,873.12
42.62,1.44,0.5049,14,6,2.2584,15.31,0.9888,0.995,719.8,781.45
73.56,2.04,0.3417,19,8,3.9473,8.77,0.9818,0.995,848.48,920.68
73.61,2.29,0.4538,16,9,2.5055,14.64,0.988,0.995,765.5,840.19
77.02,2.17,0.4951,10,4,3.4174,10.38,0.998,0.995,807.88,881.21
79.79,1.06,0.5609,16,10,2.3265,12.89,0.9956,0.995,729.31,791.31
55.68,1.72,0.6802,12,5,2.3899,10.86,0.998,0.9779,686.53,752.82
55.09,1.16,0.5403,18,9,2.2721,15.23,0.9949,0.995,731.15,785.52
72.9,1.36,0.5974,15,7,3.2134,17.45,0.998,0.995,874.79,934.84
64.0,2.48,0.5025,18,8,2.7331,17.17,0.9961,0.995,799.33,875.91
67.12,1.21,0.5536,14,6,3.8426,13.83,0.998,0.995,893.83,951.5
72.75,1.75,0.3284,16,8,1.9025,12.63,0.9551,0.995,671.98,740.11
78.4,1.93,0.4018,13,7,1.4816,16.18,0.9532,0.995,673.88,745.05
45.28,2.05,0.4447,16,9,2.3011,14.83,0.9794,0.995,713.82,784.41
47.53,1.84,0.489,10,5,2.9268,9.84,0.9972,0.995,729.77,794.58
30.64,1.01,0.3183,16,9,3.6102,16.21,0.9739,0.995,866.73,922.15
59.7,1.49,0.356,17,9,2.1694,12.29,0.9593,0.995,685.15,746.41
27.16,1.78,0.4107,14,8,3.0306,9.89,0.9831,0.995,726.77,793.84
52.94,1.13,0.6886,11,5,2.1806,10.82,0.998,0.9709,665.5,722.23
57.56,1.53,0.4325,14,7,2.9282,10.68,0.9856,0.995,744.29,809.61
42.19,1.05,0.4928,15,8,3.6775,13.19,0.9924,0.995,847.38,903.67
60.45,1.12,0.3784,11,5,1.8478,10.34,0.9586,0.995,625.87,681.55
26.83,1.6,0.5443,15,8,2.3319,9.24,0.9945,0.9868,638.08,699.24
27.24,1.2,0.4123,15,8,3.9811,9.24,0.9919,0.995,820.13,878.02
74.36,1.85,0.3828,10,4,3.632,13.83,0.9826,0.995,875.58,943.26
46.61,2.03,0.5066,10,4,2.781,15.35,0.9935,0.995,775.56,845.55
32.62,2.2,0.3022,19,9,2.6466,11.22,0.9677,0.995,704.45,779.02
56.33,1.3,0.3031,12,6,1.9969,8.35,0.9594,0.995,618.69,675.43
71.2,1.25,0.3876,19,11,2.6482,9.27,0.9795,0.995,707.07,764.31
37.95,1.16,0.3147,19,8,3.5749,17.15,0.9721,0.995,883.32,940.78
62.37,1.95,0.3432,12,7,3.1185,12.94,0.9725,0.995,795.7,863.9
30.12,2.06,0.4355,13,7,2.0121,12.54,0.9729,0.995,648.55,718.73
28.1,1.05,0.621,11,5,1.7641,8.38,0.9946,0.9649,571.05,626.64
56.88,2.4,0.5288,18,10,1.9426,15.29,0.9856,0.995,692.34,769.78
57.44,1.08,0.5051,19,11,1.6753,13.28,0.9801,0.9927,637.17,693.14
63.25,1.81,0.4174,16,9,1.4678,10.02,0.9646,0.9867,580.54,643.78
68.57,2.06,0.6727,16,9,2.3736,9.1,0.998,0.9709,676.24,745.99
83.55,2.31,0.4588,15,9,1.5172,11.83,0.9687,0.9862,631.64,707.23
55.98,2.07,0.3348,12,6,1.6814,16.37,0.9422,0.995,671.11,743.71
44.38,2.2,0.5468,15,7,2.7325,16.65,0.998,0.995,786.21,860.89
72.71,1.51,0.3455,17,10,1.6609,14.03,0.9517,0.995,658.94,723.78
41.25,2.22,0.4381,17,9,1.3789,15.28,0.9627,0.9933,616.61,690.18
51.34,1.12,0.503,18,9,2.0887,9.15,0.9895,0.9855,630.4,687.73
29.71,2.34,0.6497,10,5,1.8169,13.88,0.998,0.9695,638.57,711.68
26.52,1.82,0.4974,10,6,2.6429,14.67,0.9941,0.995,741.7,804.67
82.76,2.23,0.5809,12,5,1.4866,10.01,0.9857,0.9604,603.85,674.4
75.16,1.68,0.6971,12,7,3.305,16.8,0.998,0.995,875.56,939.33
66.76,1.97,0.3526,19,9,3.7375,9.95,0.975,0.995,833.5,900.26
49.54,1.79,0.4099,17,7,3.2816,11.13,0.9877,0.995,782.75,849.0
35.4,2.1,0.4578,19,9,2.6919,14.21,0.991,0.995,745.17,815.7
34.39,1.12,0.4687,10,4,3.6099,14.38,0.9908,0.995,852.74,911.45
40.01,1.09,0.4644,11,6,3.1458,14.99,0.995,0.995,807.66,862.08
57.95,1.37,0.663,11,6,1.2295,9.12,0.9877,0.9437,538.54,599.38
67.88,1.24,0.5856,12,7,2.3035,16.49,0.998,0.995,754.42,812.17
64.61,2.31,0.5432,15,6,3.5827,13.33,0.998,0.995,857.98,930.59
41.8,1.33,0.4237,10,4,2.1684,12.71,0.9789,0.995,672.37,730.84
82.29,2.46,0.6295,11,6,1.2986,17.81,0.9822,0.9712,672.31,745.16
69.27,1.51,0.682,10,6,3.2893,15.4,0.998,0.995,853.51,917.58
58.26,1.27,0.6285,14,7,3.4457,9.18,0.998,0.9871,783.87,845.77
61.7,2.18,0.3006,16,8,1.6497,15.57,0.9429,0.995,662.32,734.55
50.18,1.99,0.5546,17,8,2.7046,8.95,0.998,0.9891,691.86,761.74
39.86,1.75,0.3205,19,11,1.7375,8.27,0.9521,0.995,569.73,635.35
46.36,1.83,0.403,10,5,3.2139,12.04,0.9855,0.995,784.36,850.22
70.47,2.08,0.3238,16,7,1.9603,17.94,0.9537,0.995,737.38,809.97
25.86,1.34,0.5415,14,6,2.0854,9.75,0.9964,0.979,619.54,680.32
31.96,2.49,0.5746,19,11,3.5659,14.73,0.998,0.995,840.86,912.45
27.76,2.46,0.3458,10,4,2.5337,9.73,0.9711,0.995,669.76,744.62
27.44,1.98,0.4535,12,6,3.0753,15.25,0.9881,0.995,792.1,857.63
76.33,1.3,0.4825,16,8,2.3266,13.05,0.9834,0.995,718.28,780.88
67.22,2.02,0.4476,19,8,2.0344,14.8,0.9766,0.995,705.2,775.16
53.45,1.11,0.3484,10,4,2.9513,10.03,0.974,0.995,741.7,798.81
30.87,1.05,0.4676,16,9,1.6336,15.46,0.9643,0.995,642.52,697.5
54.5,1.39,0.6005,14,8,2.2444,17.96,0.9972,0.995,755.73,818.73
53.41,1.69,0.3284,10,6,1.7853,14.66,0.958,0.995,668.37,735.5
35.39,2.3,0.3321,10,6,3.1482,12.93,0.9717,0.995,780.41,854.52
51.03,2.09,0.4419,10,5,3.8438,17.23,0.9954,0.995,923.37,998.16
48.91,2.11,0.6767,18,10,3.9874,8.16,0.998,0.9833,820.66,892.74
61.95,1.64,0.5674,12,6,2.4608,15.3,0.998,0.995,750.09,811.74
63.11,1.52,0.5715,14,7,1.9071,16.89,0.9947,0.995,715.1,778.08
27.72,1.56,0.4448,19,11,2.4399,8.62,0.9829,0.995,648.58,712.97
47.48,2.48,0.5375,18,8,3.5724,12.5,0.998,0.995,832.2,909.16
62.55,1.06,0.3041,15,7,1.7768,10.05,0.9459,0.995,614.57,669.64
55.19,2.3,0.5544,18,9,3.8659,13.67,0.998,0.995,880.83,958.86
76.39,1.87,0.6653,17,7,2.1572,14.5,0.998,0.9867,721.41,787.05
64.52,1.66,0.545,17,7,3.9603,11.03,0.998,0.995,873.2,932.54
34.78,2.09,0.6495,10,6,3.5481,12.6,0.998,0.995,818.28,892.84
29.23,1.73,0.5896,18,11,3.464,10.79,0.998,0.995,787.09,850.59
63.55,2.31,0.3482,15,7,2.0901,11.69,0.9642,0.995,673.04,747.11
26.59,2.35,0.661,18,8,1.2246,9.6,0.9895,0.9405,526.26,600.77
60.15,1.63,0.3266,12,5,2.27,16.86,0.9629,0.995,750.68,817.63
81.41,1.42,0.5136,12,7,2.0451,8.1,0.9905,0.98,637.14,701.24
59.53,1.89,0.3569,15,7,1.3047,16.82,0.9426,0.995,646.32,712.07
48.29,2.37,0.3047,18,8,2.615,13.72,0.9619,0.995,738.08,816.32
63.6,1.32,0.4688,16,8,2.3285,11.32,0.9863,0.995,691.48,753.9
52.5,1.93,0.418,12,6,2.9768,15.23,0.9873,0.995,797.17,866.22
57.74,1.95,0.4944,12,6,2.9393,13.08,0.998,0.995,772.68,843.76
81.49,2.1,0.5309,11,6,1.5381,12.99,0.979,0.9815,646.04,719.6
48.17,1.2,0.3175,18,9,3.9355,9.1,0.9802,0.995,832.73,890.19
82.67,2.07,0.3492,12,6,1.7234,11.9,0.957,0.995,644.34,715.13
79.32,2.36,0.5235,14,7,2.4468,10.41,0.9961,0.9937,711.11,787.75
36.75,1.27,0.4373,18,10,2.5667,8.16,0.9877,0.995,657.51,713.3
29.16,1.36,0.5917,17,9,3.4766,11.6,0.998,0.995,796.89,856.52
31.05,2.46,0.5609,11,5,1.4778,8.9,0.9802,0.9595,546.06,620.51
26.09,1.27,0.6382,12,6,2.4002,10.57,0.998,0.9758,666.71,728.63
30.67,2.28,0.577,11,5,2.9598,8.93,0.998,0.9912,705.6,779.09
65.98,1.74,0.472,17,10,1.8024,9.01,0.9786,0.9833,606.94,673.57
29.27,1.37,0.5692,15,7,2.9569,9.99,0.998,0.995,710.49,770.62
44.14,2.31,0.4102,15,9,3.7863,18.0,0.9838,0.995,917.42,991.44
75.69,1.67,0.4225,18,8,3.9931,8.02,0.987,0.995,848.23,913.67
26.4,1.77,0.6156,17,9,1.2909,14.39,0.9809,0.9698,588.34,653.46
73.87,1.54,0.4786,13,7,1.8596,9.41,0.9794,0.9834,630.36,693.05
41.91,1.89,0.6194,13,7,2.0689,17.21,0.9979,0.995,718.45,786.38
32.09,1.25,0.629,18,8,2.3176,8.94,0.998,0.972,639.35,697.19
66.8,1.59,0.643,10,5,1.8783,17.55,0.998,0.9905,720.87,785.45
62.74,2.45,0.6667,11,6,1.7698,14.11,0.998,0.9703,666.3,742.21
77.65,1.39,0.4724,11,5,3.8728,8.01,0.998,0.995,831.47,895.5
69.1,1.99,0.4275,15,7,3.7719,16.94,0.9887,0.995,919.24,990.28
73.21,1.49,0.5329,13,7,1.3316,13.22,0.9697,0.969,611.16,670.78
41.92,2.16,0.4485,19,10,2.1487,10.63,0.9794,0.995,648.05,721.56
35.65,1.2,0.5404,12,5,2.3344,15.67,0.9962,0.995,719.48,776.04
70.04,2.45,0.5822,12,6,1.8692,17.27,0.9873,0.995,716.95,794.04
73.41,1.68,0.5754,12,5,2.9608,12.84,0.998,0.995,786.66,850.41
84.43,1.35,0.4498,15,8,2.9931,11.16,0.9927,0.995,782.99,838.92
49.76,1.11,0.3667,17,9,3.5814,15.89,0.9786,0.995,876.41,933.02
47.32,1.25,0.4722,16,9,3.2744,14.82,0.9971,0.995,826.07,882.02
71.58,1.78,0.357,13,8,2.7192,16.89,0.9752,0.995,810.38,877.92
45.45,1.51,0.656,13,6,3.03,14.93,0.998,0.995,800.18,863.11
80.85,2.24,0.4384,19,8,1.9672,10.44,0.975,0.995,655.2,727.64
76.5,1.65,0.3618,11,5,2.8606,17.32,0.9779,0.995,832.04,900.38
50.74,1.37,0.3102,10,5,2.5698,9.05,0.973,0.995,686.46,744.58
70.05,1.93,0.5583,18,11,1.5734,10.68,0.9844,0.967,599.8,667.43
70.27,2.06,0.5548,11,6,1.8791,13.2,0.9865,0.9875,669.12,737.78
31.19,1.25,0.4362,17,8,2.0167,13.66,0.9733,0.995,660.07,722.91
79.15,1.25,0.3287,18,9,3.7881,8.15,0.9825,0.995,829.53,891.0
55.32,1.06,0.4639,13,7,1.8451,15.81,0.9712,0.995,690.29,743.27
74.59,2.1,0.4245,17,9,2.0099,11.62,0.9732,0.995,675.72,745.64
44.2,2.0,0.5708,18,8,2.2342,12.06,0.998,0.9935,675.62,743.97
78.73,1.71,0.5423,19,11,3.0585,16.09,0.998,0.995,842.47,907.05
48.35,2.27,0.4458,19,10,1.5311,11.79,0.969,0.9835,599.7,671.61
25.65,2.21,0.3872,14,6,3.871,8.47,0.9905,0.995,796.41,868.33
79.32,1.88,0.6952,16,9,3.6236,9.76,0.998,0.9894,825.67,895.85
30.48,2.3,0.4816,19,8,2.8162,17.56,0.9932,0.995,794.58,873.01
44.16,1.31,0.5753,13,8,3.0873,8.7,0.998,0.9915,731.62,788.16
82.0,1.17,0.3562,10,6,1.2466,11.55,0.945,0.995,590.6,646.03
82.04,1.4,0.4942,12,6,2.149,13.03,0.9891,0.995,709.65,771.14
59.41,1.09,0.311,14,8,3.4278,12.93,0.9756,0.995,824.18,877.3
62.91,1.8,0.5022,12,6,1.417,8.04,0.9704,0.9606,552.72,620.15
51.91,2.4,0.6856,16,9,1.9905,13.01,0.998,0.9793,665.41,742.56
42.59,1.06,0.4537,18,9,2.8388,11.84,0.9863,0.995,734.57,791.86
44.72,1.18,0.3156,15,8,1.918,17.72,0.9574,0.995,711.37,770.14
65.35,1.68,0.3124,19,11,3.8151,9.59,0.9783,0.995,842.58,906.69
70.14,2.4,0.4552,10,6,1.567,11.54,0.9658,0.9883,619.95,695.6
72.49,1.47,0.364,16,9,3.4327,12.19,0.9812,0.995,835.09,894.85
72.38,1.76,0.3093,12,6,2.6223,11.91,0.9653,0.995,741.37,808.71
30.47,1.06,0.6025,14,8,3.3009,14.66,0.998,0.995,815.32,874.46
54.67,1.22,0.4834,19,10,2.07,10.16,0.9846,0.9918,637.9,697.16
28.45,2.48,0.4157,13,8,2.6406,10.21,0.9833,0.995,685.37,761.18
57.97,2.45,0.66,19,10,3.5991,15.29,0.998,0.995,877.31,956.02
51.49,1.01,0.3465,14,6,2.5073,13.0,0.9674,0.995,724.62,784.46
78.26,2.43,0.6824,14,7,2.2072,12.15,0.998,0.9768,705.04,781.94
46.05,1.96,0.4256,15,8,2.7012,9.69,0.982,0.995,697.19,767.68
32.02,2.3,0.6554,19,11,3.2086,9.88,0.998,0.9873,748.89,824.78
33.58,1.68,0.5412,19,9,2.442,8.11,0.998,0.9947,639.55,701.57
70.69,1.77,0.6307,15,8,3.8289,8.91,0.998,0.9946,834.06,899.84
62.09,1.73,0.6936,17,8,2.0258,13.57,0.998,0.9837,685.15,750.12
31.07,2.0,0.4154,17,10,2.5313,16.92,0.9747,0.995,758.91,830.58
30.05,1.21,0.6845,18,9,3.3194,10.87,0.998,0.9868,771.87,831.44
67.06,1.04,0.4558,17,7,3.1295,11.28,0.998,0.995,783.59,839.02
29.37,1.46,0.4542,11,5,3.6182,9.16,0.998,0.995,774.91,835.69
74.31,2.06,0.4362,19,8,3.9911,11.89,0.9959,0.995,892.44,959.92
67.37,1.3,0.5166,10,5,2.3952,8.37,0.998,0.9942,667.04,726.55
29.88,2.01,0.3617,19,8,1.5112,17.18,0.9536,0.995,650.43,718.67
30.09,2.45,0.5215,11,5,1.2852,14.73,0.9696,0.9814,595.67,670.34
84.2,1.14,0.5167,11,6,3.2353,17.91,0.998,0.995,885.31,944.28
47.46,2.01,0.6048,12,7,3.6472,16.83,0.998,0.995,892.85,964.62
47.24,1.67,0.6335,19,9,1.818,12.73,0.998,0.9758,642.33,706.34
73.77,2.3,0.4762,16,10,1.6437,13.2,0.9714,0.9895,649.77,721.16
81.83,1.27,0.4209,11,4,1.3742,9.91,0.9589,0.979,586.69,644.03
84.16,2.04,0.4037,10,5,3.5036,12.62,0.988,0.995,856.06,928.63
70.2,2.26,0.3778,15,8,2.0719,17.03,0.9616,0.995,742.94,817.73
47.58,2.42,0.3231,18,9,2.3248,8.51,0.9704,0.995,644.23,719.54
30.01,2.02,0.437,12,6,2.6077,16.64,0.9836,0.995,757.76,828.26
71.63,1.75,0.4081,15,7,3.5505,11.41,0.9877,0.995,837.12,899.15
58.5,1.93,0.6866,12,6,3.0223,17.0,0.998,0.995,827.55,892.15
50.45,2.3,0.5231,10,5,2.9222,17.41,0.998,0.995,822.67,901.17
79.38,1.86,0.4389,14,6,1.6919,14.71,0.9631,0.995,677.55,746.4
31.67,1.05,0.5322,19,8,2.6369,14.64,0.9976,0.995,734.09,789.78
54.56,2.4,0.3557,13,6,3.2031,12.53,0.9743,0.995,794.4,869.56
25.68,2.03,0.4776,16,7,3.9251,16.36,0.998,0.995,903.3,970.29
53.12,2.01,0.5505,15,8,1.7639,17.62,0.9849,0.995,693.55,765.76
28.38,1.32,0.4956,19,8,1.2267,15.75,0.9579,0.9851,597.29,654.87
32.13,1.99,0.4607,16,9,1.4108,14.22,0.974,0.9905,598.51,669.75
32.05,1.59,0.6975,14,6,2.2524,14.07,0.998,0.9836,690.09,754.22
63.95,1.98,0.6521,13,6,3.4975,16.49,0.998,0.995,889.58,959.12
69.76,1.16,0.5494,16,9,1.22,13.41,0.9701,0.9703,601.32,656.12
60.0,1.99,0.5278,16,7,2.4788,16.04,0.9921,0.995,764.69,831.91
82.73,2.5,0.5483,15,8,2.1218,13.09,0.9945,0.995,706.32,784.58
47.49,1.07,0.3805,17,9,1.3469,8.62,0.9453,0.9824,535.11,591.35
42.14,2.47,0.4581,13,6,2.4607,11.84,0.9893,0.995,692.91,769.99
77.12,1.61,0.3158,19,8,1.9133,12.44,0.9518,0.995,675.02,739.75
38.42,2.31,0.4902,14,7,2.1853,9.42,0.9867,0.995,634.57,705.28
82.79,2.17,0.5172,13,5,3.1757,9.02,0.998,0.995,771.55,846.19
25.73,1.85,0.3911,10,4,2.6603,13.35,0.9771,0.995,723.41,790.46
83.19,2.11,0.6856,17,8,1.549,8.85,0.998,0.9469,595.15,669.1
27.59,2.32,0.6638,10,5,3.892,11.03,0.998,0.9915,833.9,904.65
78.47,1.61,0.5889,14,7,2.9806,15.45,0.998,0.995,823.68,888.91
56.66,1.49,0.5134,15,8,3.3444,17.64,0.998,0.995,870.22,933.7
84.58,2.0,0.648,15,8,1.4218,15.18,0.9879,0.9739,654.98,722.03
29.43,2.21,0.3523,14,6,1.3318,17.93,0.9431,0.995,638.48,710.38
58.23,2.14,0.6162,12,5,1.2545,14.98,0.9775,0.9639,616.94,686.97
83.16,2.2,0.3499,14,8,1.7286,10.94,0.9621,0.995,639.16,713.84
56.39,1.65,0.6177,17,9,2.3603,14.72,0.998,0.9921,730.88,796.3
62.76,2.23,0.4103,11,6,3.8203,15.02,0.9855,0.995,899.15,975.75
66.74,1.18,0.6508,15,7,2.4798,11.72,0.998,0.9826,716.32,774.43
52.27,1.82,0.6776,18,9,2.0127,8.18,0.998,0.9586,613.69,682.4
62.65,1.01,0.3595,17,9,2.7734,15.03,0.9695,0.995,788.61,846.09
60.06,1.49,0.4851,17,8,1.5134,8.22,0.974,0.9755,562.34,625.75
79.07,1.55,0.6924,17,8,2.9066,14.31,0.998,0.9947,812.33,874.81
27.73,1.59,0.4934,16,8,2.7916,9.64,0.998,0.995,695.17,757.94
41.86,2.04,0.6454,17,7,3.4176,13.66,0.998,0.995,822.25,892.74
82.02,1.58,0.5355,15,7,3.9627,13.04,0.998,0.995,912.42,977.75
78.42,1.67,0.4501,11,6,1.9024,8.14,0.9777,0.9886,613.51,677.07
52.34,1.36,0.4143,11,6,2.627,11.63,0.9864,0.995,721.83,783.48
62.21,1.56,0.3813,17,8,3.7448,14.01,0.9833,0.995,879.61,943.65
41.64,1.34,0.6047,10,5,3.3985,16.49,0.998,0.995,859.33,916.94
36.29,1.11,0.4546,15,7,2.5647,16.89,0.9862,0.995,765.6,823.46
52.82,1.91,0.5045,15,8,3.847,12.84,0.998,0.995,869.91,938.77
46.2,2.0,0.4969,13,6,1.3603,15.28,0.9654,0.9822,621.99,690.92
60.02,1.93,0.5309,19,11,3.8068,11.16,0.998,0.995,847.57,916.76
29.66,1.7,0.6462,12,6,1.3414,11.42,0.9899,0.9606,561.25,625.66
83.46,1.57,0.6923,12,6,2.7325,9.94,0.998,0.976,732.64,796.68
84.17,2.3,0.463,10,5,3.6932,13.62,0.995,0.995,888.1,962.19
66.89,1.78,0.631,12,7,1.9356,11.15,0.998,0.9723,650.28,713.9
57.17,1.72,0.6058,13,6,2.5223,8.84,0.998,0.9839,674.02,739.53
43.57,1.04,0.5294,14,7,2.1081,14.85,0.9895,0.995,695.16,749.85
73.83,1.51,0.6824,12,7,3.866,15.08,0.998,0.995,916.1,980.05
66.08,1.57,0.3802,15,6,3.5062,11.6,0.9826,0.995,825.78,891.1
34.76,1.6,0.3437,14,8,3.1852,8.77,0.9781,0.995,730.35,793.3
79.66,1.87,0.6416,12,5,2.8454,12.26,0.998,0.9904,775.35,841.82
74.35,1.8,0.4757,15,8,3.4977,12.42,0.998,0.995,844.39,908.04
81.99,1.91,0.6388,15,8,2.2983,14.69,0.998,0.995,745.33,812.38
68.54,2.15,0.6572,17,8,2.4531,11.15,0.998,0.9822,708.56,780.12
61.8,2.22,0.325,11,6,3.244,14.83,0.9739,0.995,832.5,903.11
50.09,2.08,0.6534,10,4,2.2017,16.71,0.998,0.993,739.66,812.6
80.96,2.43,0.4793,13,6,1.3789,10.37,0.9639,0.9769,590.06,667.08
76.96,1.03,0.5042,16,8,1.4081,17.79,0.9641,0.9921,677.34,732.51
27.71,1.29,0.5506,19,9,1.523,11.86,0.9863,0.978,582.23,641.6
26.58,1.01,0.6706,12,6,3.6351,10.67,0.998,0.9898,798.66,854.44
47.59,1.97,0.3076,12,5,2.5222,12.22,0.9634,0.995,711.13,781.97
73.63,2.35,0.4907,14,6,3.1961,8.94,0.998,0.995,773.42,850.25
84.24,1.37,0.5751,14,6,2.3001,9.26,0.998,0.9779,678.1,737.96
34.03,2.39,0.5891,19,8,1.9244,12.14,0.9972,0.9754,634.75,710.32
60.65,1.09,0.577,12,6,2.1721,15.62,0.9947,0.995,721.76,778.46
47.85,2.4,0.3538,18,10,3.4237,17.0,0.9793,0.995,867.31,942.96
83.19,1.53,0.4198,13,8,2.9506,14.65,0.9848,0.995,822.11,886.77
75.53,1.15,0.4435,12,7,3.8254,9.05,0.997,0.995,840.69,900.42
75.3,1.73,0.6218,11,5,3.1032,14.72,0.998,0.995,829.04,895.66
53.12,1.39,0.4115,19,9,2.7965,14.35,0.9833,0.995,769.55,828.51
49.89,1.43,0.3843,18,8,2.9085,16.06,0.9753,0.995,801.27,863.7
41.4,1.46,0.683,13,6,3.8386,16.25,0.998,0.995,905.87,968.55
28.38,2.2,0.3035,12,6,3.407,16.68,0.9696,0.995,849.15,920.24
76.88,1.81,0.6991,16,7,1.2673,12.14,0.998,0.9477,595.59,663.48
73.77,1.47,0.5707,17,8,2.6956,14.98,0.998,0.995,786.6,847.52
84.98,1.92,0.6314,11,6,3.1273,10.68,0.998,0.9915,790.99,861.21
84.8,2.07,0.4178,16,8,3.2964,17.99,0.9832,0.995,893.84,965.95
58.33,1.41,0.3057,14,7,1.7968,9.75,0.9545,0.995,610.24,671.82
71.14,1.62,0.5951,14,6,3.6281,8.1,0.998,0.9899,809.98,874.36
81.69,1.18,0.6337,12,5,3.8764,9.49,0.998,0.9926,856.78,910.26
75.98,1.27,0.5962,14,8,1.8628,15.76,0.995,0.995,700.09,756.74
39.84,2.02,0.3571,11,5,3.6713,12.47,0.9839,0.995,836.86,906.93
52.03,1.27,0.6014,13,6,1.4715,12.48,0.9853,0.9661,607.1,669.23
32.75,1.79,0.6076,15,6,1.356,17.55,0.9799,0.9773,633.25,701.19
82.24,2.06,0.5634,10,5,1.5618,17.2,0.9832,0.9868,692.58,767.16
61.37,1.16,0.6064,19,8,1.3617,11.11,0.985,0.9607,586.59,644.16
38.72,1.85,0.6384,13,7,3.566,10.09,0.998,0.995,794.43,862.13
65.3,1.38,0.5454,15,8,1.3653,16.48,0.978,0.9889,649.82,713.44
62.09,2.44,0.3354,18,10,1.9607,17.06,0.9586,0.995,716.06,792.4
46.49,1.73,0.4951,11,5,1.4905,13.42,0.9652,0.9877,615.35,679.26
31.81,2.21,0.3311,16,9,2.0272,14.29,0.9612,0.995,669.41,743.17
65.29,1.83,0.463,15,8,1.4536,10.57,0.9688,0.9784,582.44,652.07
56.22,1.07,0.4628,11,5,3.0704,16.01,0.9947,0.995,820.1,874.42
71.34,1.95,0.3264,17,9,1.5733,14.32,0.9449,0.995,650.31,720.73
56.21,2.43,0.4395,16,6,3.5852,13.04,0.9936,0.995,842.54,918.76
76.13,1.9,0.3444,14,6,3.4881,8.6,0.9803,0.995,795.06,864.5
58.11,2.23,0.6233,14,8,1.2383,17.16,0.9775,0.9698,645.65,719.7
58.66,2.33,0.6791,16,7,3.708,14.15,0.998,0.995,876.79,950.85
77.6,1.34,0.3289,18,9,1.281,9.93,0.9406,0.9818,564.39,624.3
49.21,1.32,0.682,18,9,1.871,14.06,0.998,0.9713,663.0,722.07
33.04,1.92,0.509,18,10,1.2907,14.77,0.964,0.9842,595.44,664.42
26.73,1.62,0.4198,15,9,2.1404,13.26,0.9703,0.995,661.48,724.04
70.31,2.26,0.3307,19,11,2.6388,15.18,0.9668,0.995,780.29,852.98
62.22,2.35,0.5002,15,7,3.4306,13.81,0.998,0.995,836.79,911.21
67.24,1.53,0.6178,12,5,2.1463,17.48,0.998,0.995,752.92,816.65
37.78,1.36,0.5828,10,5,3.1754,8.54,0.998,0.995,736.28,793.78
33.18,2.17,0.3201,16,6,1.725,9.06,0.9544,0.995,582.1,654.45
25.87,1.41,0.3292,13,5,3.3017,9.74,0.9771,0.995,746.0,805.77
46.04,2.23,0.4611,10,5,1.8608,14.9,0.9767,0.995,666.22,738.91
60.4,1.64,0.4181,17,9,1.6019,14.46,0.961,0.995,650.08,713.29
48.53,2.0,0.393,15,9,1.7191,16.92,0.9588,0.995,684.53,754.94
51.25,1.14,0.4124,15,7,1.7098,15.33,0.968,0.995,665.45,722.28
79.25,1.94,0.6214,11,5,2.636,13.08,0.998,0.9936,763.6,834.06
45.9,1.68,0.6717,10,4,3.5654,17.92,0.998,0.995,898.06,964.03
55.84,1.88,0.462,11,6,1.4229,10.66,0.966,0.9787,579.73,644.85
72.02,1.25,0.6624,13,7,3.1795,16.33,0.998,0.995,852.7,909.56
48.79,2.11,0.4286,11,6,3.0322,12.27,0.9881,0.995,765.68,836.92
62.33,2.29,0.4906,10,6,3.6431,14.49,0.9971,0.995,873.55,947.88
76.74,1.33,0.3904,16,8,1.8836,15.27,0.9678,0.995,701.43,759.56
81.97,1.14,0.5562,17,8,2.4603,14.34,0.998,0.995,755.41,815.17
33.82,1.04,0.6916,15,7,3.7923,9.41,0.998,0.9857,806.96,864.22
80.6,1.96,0.5414,13,7,3.048,12.43,0.998,0.995,795.72,861.88
54.53,1.91,0.4431,15,7,2.2886,13.61,0.9819,0.995,712.07,781.43
40.49,1.82,0.5591,12,6,1.568,16.49,0.9873,0.9897,654.03,721.24
52.55,1.35,0.3492,17,10,1.935,12.44,0.9619,0.995,652.74,715.45
83.8,1.59,0.6555,19,11,2.8274,17.19,0.998,0.995,834.87,895.53
54.56,1.89,0.5012,11,6,3.2109,12.4,0.9954,0.995,792.37,864.87
44.73,1.75,0.4797,14,8,1.5484,13.49,0.9742,0.9906,614.94,679.44
63.0,2.48,0.5343,10,5,2.8789,15.96,0.9978,0.995,806.73,884.71
39.41,1.2,0.5499,15,6,2.741,13.83,0.9975,0.995,748.43,805.28
29.55,2.04,0.3287,11,5,2.6391,17.6,0.969,0.995,775.59,845.48
32.73,1.61,0.573,13,7,3.1323,14.6,0.998,0.995,796.42,857.14
32.68,1.64,0.3968,15,8,3.5449,13.23,0.9887,0.995,820.85,887.88
34.11,2.08,0.5856,19,8,2.1044,8.24,0.998,0.9732,607.36,677.97
33.33,2.04,0.629,17,10,3.6892,12.14,0.998,0.995,825.67,895.85
63.45,2.49,0.6216,17,7,1.6498,10.99,0.998,0.9701,603.92,685.85
35.91,1.19,0.521,15,7,1.6845,15.48,0.9771,0.9931,659.02,718.83
45.74,1.16,0.5081,13,7,1.947,10.08,0.9809,0.9855,619.36,675.36
78.81,2.09,0.3572,17,7,1.5347,10.05,0.9603,0.9933,600.26,670.34
53.44,1.87,0.6101,17,7,1.8449,9.9,0.998,0.9732,610.39,678.92
65.05,1.41,0.4086,19,9,1.498,9.26,0.9582,0.9844,574.72,637.43
35.34,1.12,0.4987,10,6,3.5009,11.11,0.998,0.995,796.13,856.42
36.54,1.13,0.4137,13,6,1.5891,16.86,0.9628,0.995,660.4,714.11
27.45,2.34,0.3535,13,7,3.2924,15.75,0.9801,0.995,822.54,899.11
35.14,1.29,0.5518,16,8,1.3342,15.35,0.9735,0.9729,608.13,669.22
41.72,1.49,0.3217,16,6,3.8559,15.97,0.9804,0.995,902.8,963.49
35.62,1.34,0.5995,17,10,3.1912,10.69,0.998,0.995,756.29,815.67
30.32,1.53,0.427,14,6,1.219,16.87,0.9487,0.9904,610.91,670.63
32.24,1.1,0.3001,16,9,3.3388,9.37,0.9732,0.995,752.77,808.33
52.65,1.78,0.5045,17,9,2.6394,11.36,0.998,0.995,723.87,791.01
37.38,1.1,0.3187,18,11,3.3822,13.87,0.9748,0.995,821.5,881.21
46.86,2.2,0.4105,12,5,2.663,9.03,0.9826,0.995,688.3,764.68
55.21,1.35,0.5828,12,6,2.9949,15.3,0.998,0.995,806.02,864.22
66.42,1.81,0.3251,13,6,3.4017,11.87,0.9785,0.995,819.7,889.77
27.36,2.32,0.6357,14,6,2.3343,15.84,0.998,0.995,718.37,789.28
72.96,1.98,0.3015,19,10,1.2076,12.93,0.9305,0.995,591.71,660.19
62.67,1.8,0.3987,10,4,3.5799,9.81,0.9853,0.995,814.88,881.26
29.91,1.49,0.5964,16,8,2.2665,15.35,0.998,0.995,706.73,769.53
77.41,1.5,0.4265,18,8,2.5889,10.52,0.9816,0.995,728.67,791.37
80.25,2.0,0.3408,17,8,1.2217,12.91,0.9426,0.986,604.76,675.55
28.66,2.49,0.4441,14,8,2.5779,8.76,0.9883,0.995,654.0,731.0
41.61,1.99,0.4082,13,6,3.9622,14.18,0.9908,0.995,885.43,957.24
73.37,1.84,0.6371,16,8,1.9791,14.66,0.998,0.981,695.87,764.8
69.9,2.1,0.4253,14,7,2.3072,11.79,0.9797,0.995,697.26,768.12
36.07,1.7,0.6156,16,9,3.1241,17.54,0.998,0.995,828.14,895.29
37.56,1.09,0.6567,10,5,3.4814,16.74,0.998,0.995,864.66,925.15
47.23,1.84,0.4735,10,5,2.3687,15.08,0.9838,0.995,728.34,794.65
54.07,2.44,0.664,19,11,2.0671,15.14,0.998,0.9881,704.49,784.39
62.1,1.26,0.4509,12,7,3.8259,10.52,0.9953,0.995,846.7,904.48
47.13,2.04,0.6856,11,5,3.096,14.57,0.998,0.995,802.37,875.71
52.75,1.3,0.3357,11,6,1.5333,9.98,0.9519,0.994,586.65,645.08
69.85,1.8,0.5748,16,9,1.393,9.44,0.9791,0.9633,573.06,641.64
27.2,1.15,0.4975,19,10,2.5539,17.99,0.9908,0.995,768.39,825.92
40.15,1.68,0.4551,11,4,1.8163,14.22,0.9717,0.995,650.03,711.59
67.8,2.13,0.5531,13,6,1.9112,12.31,0.9948,0.9848,658.66,734.5
78.71,1.52,0.5815,11,6,3.6575,10.88,0.998,0.995,848.19,909.22
55.7,2.0,0.3017,15,7,1.4508,14.04,0.9376,0.995,624.75,692.17
56.93,2.19,0.3668,17,9,3.203,8.5,0.9804,0.995,754.54,826.16
31.43,2.39,0.5852,19,9,1.9592,8.95,0.9955,0.9705,599.45,680.38
51.84,1.35,0.5666,13,7,3.3289,8.33,0.998,0.995,756.42,814.19
56.96,1.6,0.6864,14,6,3.2228,12.99,0.998,0.992,807.5,871.84
39.55,1.23,0.6044,13,6,1.2207,14.01,0.9787,0.962,583.75,639.93
41.15,2.49,0.6803,12,7,2.6256,8.62,0.998,0.9717,677.83,753.26
47.64,2.39,0.581,14,8,1.5901,15.21,0.9861,0.9856,649.57,722.23
26.2,1.81,0.4192,18,10,3.6254,10.3,0.9916,0.995,792.9,860.68
44.32,2.26,0.3421,17,8,3.6404,14.85,0.9742,0.995,869.4,943.03
37.69,1.78,0.6127,17,9,2.3714,17.82,0.998,0.995,758.39,822.85
44.65,1.94,0.5577,17,9,2.4443,14.91,0.9979,0.995,733.58,804.36
32.19,1.13,0.3193,17,9,2.0492,16.83,0.9582,0.995,705.16,764.12
78.43,2.13,0.444,16,7,3.2065,17.48,0.9863,0.995,876.16,948.97
60.62,1.19,0.6827,17,9,2.2043,12.87,0.998,0.9804,695.44,755.65
65.75,2.24,0.5002,17,9,1.9498,15.02,0.9832,0.995,703.1,775.98
72.35,2.17,0.4731,17,10,2.4102,16.52,0.9912,0.995,772.8,846.04
54.91,2.06,0.4831,19,8,1.4562,11.57,0.9687,0.9808,590.37,660.63
30.22,1.05,0.3836,16,9,3.2905,10.61,0.9841,0.995,760.41,813.21
57.23,1.45,0.4475,10,5,1.2353,17.47,0.9566,0.9927,638.29,700.55
60.21,1.39,0.4479,13,6,3.0046,15.26,0.9902,0.995,813.29,874.53
69.73,1.54,0.3209,13,6,1.712,10.2,0.9541,0.995,615.44,678.48
50.9,1.13,0.607,14,7,1.8507,12.49,0.9972,0.9772,645.19,702.91
32.65,2.41,0.4666,19,9,2.9798,15.96,0.9907,0.995,798.28,877.19
42.03,1.83,0.6289,15,7,3.9802,13.47,0.998,0.995,889.18,956.23
46.78,1.46,0.6401,13,7,3.3776,14.5,0.998,0.995,832.0,891.96
63.76,1.6,0.3848,11,6,1.8324,15.54,0.9636,0.995,684.79,748.23
59.25,1.67,0.5629,15,8,1.6929,14.22,0.9885,0.9896,659.63,724.42
46.37,1.9,0.4889,17,10,3.6255,13.4,0.998,0.995,842.33,912.81
84.19,1.77,0.6521,17,8,2.4437,15.5,0.998,0.9909,767.63,834.44
61.35,2.38,0.3863,16,7,1.5837,15.28,0.9599,0.995,661.9,735.29
39.23,1.75,0.5711,15,8,3.6142,14.3,0.998,0.995,853.73,921.52
31.11,2.49,0.5431,11,5,3.4851,11.6,0.998,0.995,798.87,877.49
34.17,2.28,0.4181,16,7,3.9549,12.06,0.9951,0.995,856.93,931.3
39.76,1.31,0.3546,14,6,3.7473,17.7,0.9764,0.995,905.74,967.33
34.64,2.4,0.5607,15,6,3.585,9.12,0.998,0.995,779.6,857.77
36.19,1.17,0.5954,19,11,1.3472,10.69,0.9832,0.963,554.52,611.38
42.11,2.23,0.4263,17,8,1.4924,12.92,0.9621,0.995,602.79,674.38
35.4,1.57,0.5579,17,8,2.7932,16.37,0.998,0.995,777.85,841.39
78.81,2.32,0.4581,12,5,2.6881,9.64,0.9922,0.995,721.92,797.75
29.81,2.3,0.5853,16,9,2.4823,10.77,0.998,0.9918,669.8,744.12
56.47,2.21,0.3797,10,5,2.311,8.66,0.971,0.995,653.52,724.67
49.62,2.19,0.6561,10,5,2.4074,15.06,0.998,0.9916,735.46,808.57
83.94,1.46,0.415,16,8,2.794,10.38,0.9905,0.995,754.42,812.21
31.72,1.12,0.4471,19,8,1.2058,11.89,0.9554,0.9714,551.79,607.96
48.87,1.6,0.3232,18,9,1.93,12.44,0.9618,0.995,648.97,714.74
83.17,1.26,0.3446,16,7,2.6512,16.91,0.9665,0.995,810.52,871.24
76.93,2.04,0.5063,19,9,3.2222,12.11,0.998,0.995,812.81,875.92
74.02,1.52,0.407,14,6,1.6876,9.45,0.9696,0.99,608.97,671.37
40.47,2.46,0.6342,17,10,2.7313,13.24,0.998,0.995,743.47,821.62
35.25,1.96,0.3059,11,5,3.2005,17.63,0.9726,0.995,842.94,910.01
65.12,2.23,0.4516,18,10,2.445,14.08,0.9851,0.995,739.2,811.97
80.76,1.2,0.4349,15,7,1.2758,17.83,0.95,0.995,667.35,727.75
58.41,2.29,0.3077,18,8,2.458,16.41,0.9618,0.995,762.26,835.69
59.3,2.38,0.3497,11,5,2.03,8.36,0.9682,0.995,618.28,697.24
41.8,1.73,0.4655,12,7,3.803,14.58,0.9964,0.995,873.53,938.01
71.17,1.91,0.4971,17,8,1.5489,10.87,0.9735,0.982,613.24,684.7
36.22,2.15,0.4617,10,4,3.0269,13.6,0.9933,0.995,775.47,847.74
44.42,1.26,0.5124,19,9,1.3476,10.79,0.969,0.9728,562.83,620.01
50.53,1.75,0.5381,16,7,2.4493,11.49,0.998,0.9932,696.22,765.35
55.46,1.6,0.304,16,7,2.7511,17.23,0.9639,0.995,805.06,866.61
39.54,1.22,0.4856,10,5,2.0343,10.07,0.9828,0.9941,629.81,686.52
31.89,1.55,0.6854,18,7,2.4742,16.74,0.998,0.9878,750.74,814.99
61.64,1.1,0.5076,17,7,1.658,8.3,0.9821,0.9756,584.1,640.8
42.32,1.04,0.571,13,7,2.0515,8.91,0.9969,0.9834,614.67,670.8
59.87,1.2,0.4247,19,9,2.9391,16.55,0.984,0.995,819.75,877.05
34.26,2.44,0.6096,14,6,2.045,14.31,0.998,0.9904,672.31,746.58
53.87,1.82,0.6092,11,5,3.7193,15.47,0.998,0.995,888.21,954.26
56.96,2.45,0.5085,18,10,2.9595,10.09,0.9949,0.995,746.06,825.43
28.11,1.65,0.6904,15,7,2.4282,13.37,0.998,0.9858,701.36,763.42
45.2,1.47,0.3502,12,6,1.3085,15.37,0.9408,0.995,619.44,684.75
33.06,1.76,0.3068,16,7,2.5987,14.27,0.9642,0.995,732.72,799.74
28.8,1.66,0.6081,18,9,3.3414,12.72,0.998,0.995,790.78,854.47
84.4,1.16,0.6229,12,6,1.9436,17.6,0.9969,0.9917,744.02,797.39
44.34,1.96,0.3481,11,6,3.459,14.76,0.9784,0.995,843.45,909.13
73.59,1.32,0.4062,16,9,1.9051,17.08,0.9634,0.995,724.33,783.48
40.28,1.93,0.307,16,8,3.5065,15.3,0.9708,0.995,852.03,920.02
65.89,1.98,0.4173,13,6,1.4388,15.35,0.9552,0.995,643.78,713.64
70.61,1.23,0.6093,18,8,3.6253,8.8,0.998,0.9941,811.46,873.32
60.74,1.09,0.5072,17,8,2.5977,11.59,0.9956,0.995,726.4,783.85
53.29,2.17,0.4392,10,4,2.0303,16.58,0.9736,0.995,718.2,790.51
49.71,1.69,0.4487,10,4,1.9423,10.33,0.9749,0.9925,625.87,693.65
45.93,1.09,0.3005,14,8,2.4096,9.16,0.9621,0.995,662.36,718.97
80.77,2.49,0.4199,15,7,3.9973,11.26,0.9979,0.995,893.89,974.47
74.84,1.09,0.5586,12,6,1.8169,10.2,0.9891,0.98,630.78,685.74
82.9,2.04,0.6897,18,9,1.489,17.25,0.998,0.9774,685.2,753.54
32.46,2.48,0.6388,19,10,2.8381,16.68,0.998,0.995,790.7,863.83
68.85,1.36,0.3094,15,6,2.5679,13.0,0.9659,0.995,745.37,805.54
81.3,1.21,0.6594,13,7,2.6677,8.61,0.998,0.982,709.34,765.07
35.87,1.18,0.6133,16,7,3.0674,15.15,0.998,0.995,793.66,848.9
28.99,1.45,0.6122,17,9,1.948,14.23,0.998,0.995,658.92,722.81
69.47,1.15,0.4832,18,10,3.7499,17.71,0.998,0.995,929.27,983.1
59.47,2.04,0.4592,15,8,2.4199,13.59,0.9865,0.995,721.78,792.56
75.51,1.09,0.4212,15,8,1.5614,11.36,0.9679,0.9899,616.47,672.71
33.39,1.76,0.3263,17,7,3.2784,13.19,0.9751,0.995,797.43,864.07
72.72,2.5,0.3913,14,7,3.0007,17.79,0.9761,0.995,851.31,931.5
37.1,2.22,0.3986,12,6,2.0841,14.96,0.9705,0.995,693.19,764.85
34.82,1.92,0.4936,12,6,2.9403,14.72,0.9943,0.995,771.66,843.27
34.86,1.46,0.599,15,9,1.8156,10.41,0.9948,0.9698,606.5,664.87
73.87,1.94,0.4895,11,5,2.4456,15.44,0.9885,0.995,762.31,832.65
64.91,1.79,0.3231,15,7,3.7184,15.5,0.9741,0.995,895.52,965.33
56.38,1.64,0.6831,15,7,1.5739,11.17,0.998,0.9587,597.66,654.14
46.53,1.2,0.6771,17,8,2.2828,12.84,0.998,0.9827,693.77,751.64
77.63,2.33,0.6141,16,8,3.4992,10.95,0.998,0.995,822.89,897.6
48.55,1.67,0.6965,17,9,3.9146,10.59,0.998,0.9875,848.94,914.2
74.0,1.29,0.5178,18,10,2.471,8.26,0.9972,0.9913,675.57,738.38
51.35,1.55,0.6851,15,8,2.6196,10.85,0.998,0.9779,705.39,767.14
47.62,1.62,0.3302,12,7,2.8021,13.54,0.9762,0.995,755.23,817.17
52.76,2.24,0.4463,19,11,3.8106,8.02,0.998,0.995,805.42,879.19
43.08,2.1,0.3902,12,5,3.603,10.83,0.9868,0.995,813.61,887.36
69.86,2.15,0.3783,10,5,1.6777,16.81,0.9614,0.995,696.71,770.14
55.16,1.02,0.3563,14,6,2.4229,13.94,0.9696,0.995,726.05,781.37
38.93,1.62,0.549,13,6,2.4992,14.08,0.998,0.995,724.86,788.77
78.97,1.72,0.6125,18,9,3.4095,12.03,0.998,0.995,834.09,895.91
48.03,1.03,0.5313,18,8,2.8881,14.76,0.998,0.995,782.31,838.91
57.61,1.39,0.3588,14,6,3.0318,9.9,0.972,0.995,749.73,811.99
79.39,2.14,0.6244,19,8,3.995,16.19,0.998,0.995,947.19,1017.92
62.45,1.21,0.5544,13,5,1.4099,9.17,0.982,0.9679,564.29,621.45
32.01,1.8,0.4553,16,9,1.8244,14.56,0.9752,0.995,646.76,711.71
81.39,1.32,0.5697,15,6,2.3421,11.41,0.998,0.9932,710.13,771.71
62.66,1.02,0.404,13,6,2.1738,15.48,0.9706,0.995,727.82,782.36
45.09,1.36,0.4381,19,9,1.2606,13.5,0.9599,0.9865,584.38,644.51
33.36,2.46,0.667,11,5,1.457,12.52,0.9969,0.9656,581.33,659.55
72.64,2.2,0.4162,10,6,3.1067,9.69,0.9894,0.995,765.22,838.91
62.2,2.44,0.488,13,5,3.6621,14.37,0.998,0.995,879.54,957.26
57.01,1.73,0.6561,13,7,2.6398,17.75,0.998,0.995,802.6,868.92
78.63,1.16,0.5831,10,5,2.7097,16.26,0.998,0.995,804.31,862.17
72.32,1.82,0.3249,15,9,1.9143,8.6,0.9554,0.995,622.99,690.69
34.1,1.68,0.3589,13,7,3.3501,11.76,0.9829,0.995,788.77,854.9
43.7,2.27,0.3031,10,6,3.305,17.26,0.9674,0.995,860.06,935.06
39.91,1.15,0.5524,10,4,2.8474,13.03,0.998,0.995,746.86,801.62
69.64,1.73,0.4791,10,5,1.7955,14.62,0.976,0.995,675.46,740.25
27.01,1.23,0.3537,17,8,1.4717,17.13,0.9431,0.995,632.97,690.94
59.19,1.49,0.6832,19,11,1.3799,16.74,0.9923,0.9728,647.96,711.17
70.75,2.11,0.5119,17,7,2.8595,13.02,0.998,0.995,780.57,855.35
77.61,1.71,0.3968,11,5,3.5101,12.38,0.9876,0.995,845.03,909.12
45.52,1.56,0.5002,16,7,3.6033,11.4,0.998,0.995,815.62,880.84
74.28,1.59,0.5718,17,7,2.4981,15.19,0.998,0.995,767.18,829.92
31.64,1.69,0.3305,17,7,3.396,10.87,0.9787,0.995,780.06,848.14
75.79,2.18,0.4099,19,11,3.8513,10.5,0.9888,0.995,857.2,933.69
32.65,2.34,0.6228,16,8,1.9705,11.56,0.998,0.9799,630.1,701.68
48.84,2.43,0.4839,14,7,2.3143,9.77,0.9873,0.9924,661.36,737.2
72.84,2.18,0.5186,10,5,3.8081,14.95,0.998,0.995,908.82,976.82
34.0,1.47,0.4731,18,9,2.147,14.16,0.9778,0.995,681.37,740.09
38.76,2.03,0.3176,16,7,3.7589,12.83,0.9789,0.995,846.04,913.27
68.34,1.66,0.3663,11,5,3.9469,11.9,0.984,0.995,887.41,953.5
68.2,1.38,0.4782,15,7,3.0531,17.09,0.9913,0.995,844.66,906.27
63.47,2.26,0.3837,11,6,3.4873,8.29,0.9816,0.995,784.62,860.14
66.64,1.06,0.32,10,5,3.2987,15.69,0.9704,0.995,856.41,913.49
57.56,2.35,0.6375,16,6,3.1587,17.02,0.998,0.995,842.38,918.64
40.11,1.69,0.6925,11,6,2.0594,12.46,0.998,0.9718,658.13,723.74
45.74,1.96,0.6173,11,6,1.3599,13.51,0.9835,0.9619,593.32,662.4
35.9,1.99,0.6415,14,8,2.1605,17.44,0.998,0.995,725.32,797.19
79.51,2.34,0.3968,14,8,3.0674,10.12,0.9879,0.995,776.61,851.78
60.0,1.96,0.6843,16,9,1.4871,13.2,0.9978,0.9635,617.0,687.38
49.05,1.92,0.3788,10,5,1.2334,12.75,0.9463,0.9928,572.88,637.03
52.72,1.1,0.6806,17,9,1.5911,10.58,0.998,0.9586,599.87,654.02
81.84,1.78,0.6979,12,5,3.2041,16.19,0.998,0.995,858.71,927.33
34.2,1.23,0.5847,13,7,3.9238,17.0,0.998,0.995,908.44,965.48
60.17,2.11,0.6925,18,10,3.9526,15.82,0.998,0.995,927.61,996.41
55.35,1.77,0.5278,13,5,2.5831,9.95,0.998,0.995,694.31,762.12
61.69,2.02,0.4038,19,11,3.6342,8.87,0.9901,0.995,810.45,880.76
26.09,1.06,0.4748,14,8,3.2631,14.05,0.9893,0.995,799.29,854.41
77.33,1.13,0.5374,16,7,2.6029,8.57,0.9978,0.9857,704.89,764.81
80.93,2.07,0.3292,13,7,2.8037,14.73,0.9663,0.995,800.45,874.24
58.91,1.11,0.5489,10,4,1.5842,13.3,0.9812,0.9855,634.28,690.53
66.8,1.11,0.6925,18,9,3.8255,14.63,0.998,0.995,897.02,955.07
80.35,1.02,0.376,13,6,2.1854,13.9,0.9697,0.995,719.65,770.45
67.43,2.43,0.617,18,9,2.4492,12.23,0.998,0.9894,713.74,792.45
34.15,2.11,0.6632,15,9,3.0806,10.01,0.998,0.9875,739.21,808.63
59.58,1.53,0.6775,10,6,2.1349,11.06,0.998,0.9715,666.45,726.49
61.4,1.44,0.6841,12,7,1.9119,13.25,0.998,0.9738,665.35,723.45
50.45,1.52,0.5086,11,5,2.9669,14.52,0.9959,0.995,785.7,844.84
69.19,2.16,0.6909,18,10,1.27,15.79,0.9935,0.9578,635.43,710.02
81.06,1.99,0.6029,10,4,3.218,15.67,0.998,0.995,861.92,933.06
80.53,1.28,0.3647,18,10,2.6393,17.73,0.9727,0.995,817.06,874.69
52.05,1.26,0.4908,18,8,2.8961,10.86,0.9978,0.995,738.54,799.17
31.79,1.15,0.5873,17,7,2.9693,8.71,0.998,0.991,703.78,759.8
84.09,1.99,0.3989,17,9,2.6757,11.46,0.981,0.995,752.83,823.33
75.33,2.15,0.5562,10,4,2.8311,15.43,0.998,0.995,804.55,875.78
32.48,1.4,0.5666,17,8,3.1146,12.38,0.998,0.995,766.05,826.77
80.25,1.03,0.3651,19,9,3.3087,16.18,0.9767,0.995,875.42,929.08
77.19,1.12,0.526,12,5,3.2369,13.49,0.998,0.995,831.64,886.97
56.13,2.45,0.6087,16,7,3.6349,17.3,0.998,0.995,901.32,979.19
60.48,1.44,0.4996,10,4,1.7304,17.48,0.9704,0.995,696.38,759.43
48.94,2.15,0.3048,10,5,2.3232,8.69,0.9671,0.995,653.42,724.9
28.29,1.94,0.3036,19,8,3.8538,12.56,0.9762,0.995,843.97,909.97
45.11,1.57,0.4428,14,8,2.3105,14.1,0.9815,0.995,708.77,777.31
73.17,1.31,0.6705,14,6,1.5496,10.56,0.9957,0.9567,601.18,660.89
25.28,1.18,0.3915,17,10,2.6712,12.07,0.9764,0.995,712.48,770.83
45.01,1.92,0.5537,16,9,1.5066,14.78,0.9798,0.9825,627.63,693.94
48.89,2.16,0.3888,17,8,1.768,10.27,0.9632,0.9919,604.7,679.56
57.24,1.97,0.4287,15,8,3.9953,14.02,0.9873,0.995,905.5,977.72
80.19,1.8,0.6392,15,8,2.7158,14.97,0.998,0.9935,788.31,851.83
45.78,1.06,0.5915,11,7,1.9954,8.9,0.998,0.9709,614.88,670.62
45.82,2.45,0.3382,15,8,3.9854,12.98,0.9754,0.995,879.67,956.1
69.25,2.2,0.4715,14,6,3.9064,10.63,0.998,0.995,859.05,936.8
52.13,1.44,0.3117,12,6,2.4341,15.24,0.9635,0.995,739.41,803.89
38.48,2.47,0.4924,15,8,1.9291,9.9,0.9809,0.991,609.68,683.83
52.15,1.9,0.565,17,9,3.5475,16.92,0.998,0.995,883.68,950.77
33.45,1.87,0.3474,18,8,3.2037,12.31,0.9796,0.995,773.29,839.61
35.58,2.12,0.4156,10,6,3.1234,9.98,0.9883,0.995,742.69,815.26
54.9,2.22,0.4591,12,7,3.7007,12.38,0.9963,0.995,845.89,922.3
50.14,1.98,0.6678,12,5,3.1304,12.09,0.998,0.9904,772.4,842.39
79.89,1.19,0.6973,17,7,1.9946,12.29,0.998,0.9696,686.55,745.44
46.74,1.51,0.318,10,4,3.1428,13.86,0.967,0.995,799.97,861.25
59.84,2.39,0.6044,14,8,2.0563,13.21,0.998,0.9859,688.63,765.5
62.94,1.34,0.4487,12,6,3.3259,9.5,0.9926,0.995,777.04,836.15
25.79,1.56,0.457,11,6,2.9353,8.66,0.9928,0.995,698.82,758.91
64.81,1.65,0.6017,17,8,1.4168,15.29,0.9812,0.976,643.91,709.49
35.68,1.66,0.6674,12,6,2.6359,13.6,0.998,0.9858,731.1,795.96
82.66,1.92,0.6804,16,7,2.1612,11.59,0.998,0.9742,688.61,755.21
33.92,2.41,0.5308,10,5,2.12,16.08,0.9874,0.995,702.55,782.06
49.88,1.36,0.4428,15,8,2.8863,11.88,0.9929,0.995,751.84,810.73
30.12,1.18,0.615,12,7,2.1025,15.96,0.998,0.9943,698.65,757.61
84.81,1.3,0.4004,17,10,3.3753,11.06,0.9885,0.995,821.82,880.54
55.13,2.33,0.5256,15,9,1.3982,8.73,0.979,0.9672,555.34,633.39
60.72,1.97,0.4434,11,5,3.0491,17.33,0.9882,0.995,844.45,913.5
29.02,1.43,0.5627,15,7,3.4657,11.95,0.998,0.995,796.23,854.31
70.0,2.22,0.3962,16,9,3.0839,15.93,0.9807,0.995,831.79,906.77
37.59,2.29,0.3766,14,8,2.5922,10.79,0.9756,0.995,695.29,772.75
78.88,2.27,0.6673,12,5,3.8609,14.46,0.998,0.995,909.13,982.32
37.31,2.38,0.3407,13,6,2.0398,16.73,0.9548,0.995,705.46,782.49
36.44,1.38,0.5024,13,6,1.2537,8.42,0.9618,0.9629,522.09,583.02
27.19,2.13,0.3883,15,8,2.4096,16.31,0.9675,0.995,733.8,805.02
53.32,1.69,0.3156,19,9,1.2924,13.71,0.9351,0.995,603.28,670.32
58.89,2.26,0.3144,10,5,3.871,14.07,0.9768,0.995,888.79,961.13
28.94,2.09,0.3701,13,5,1.7878,13.23,0.9625,0.995,631.85,703.31
71.53,2.16,0.6467,19,9,3.409,16.74,0.998,0.995,888.18,961.17
52.2,1.98,0.413,13,7,3.3688,8.43,0.9895,0.995,763.73,833.94
56.46,1.27,0.6802,19,8,1.8096,10.61,0.998,0.9659,628.52,685.96
51.45,1.82,0.5326,10,5,2.9394,16.76,0.997,0.995,813.01,884.4
49.05,2.48,0.4746,18,9,1.3346,15.52,0.9639,0.9901,620.41,700.09
58.58,2.41,0.532,13,7,2.554,8.18,0.998,0.995,677.87,755.94
34.31,1.06,0.5067,16,7,1.241,13.17,0.9635,0.9695,572.17,631.0
35.92,1.25,0.6035,12,7,3.7792,13.3,0.998,0.995,851.76,910.61
76.71,1.2,0.413,19,10,3.933,12.01,0.9937,0.995,889.96,947.18
81.77,2.09,0.4412,12,7,1.8224,10.97,0.9775,0.995,648.63,717.79
47.4,2.23,0.6576,17,10,1.7827,14.82,0.998,0.9889,660.06,732.06
41.24,1.32,0.6786,17,8,3.3104,10.08,0.998,0.9867,768.64,826.42
63.64,1.76,0.657,10,4,1.9095,15.99,0.998,0.9801,705.1,770.43
49.52,2.26,0.4678,19,9,3.7062,16.03,0.9947,0.995,887.84,962.31
26.52,2.1,0.6121,11,6,2.807,12.15,0.998,0.9925,727.37,800.69
34.37,1.81,0.4905,17,7,2.1822,10.84,0.9844,0.995,644.96,713.93
67.96,1.89,0.499,10,4,3.5315,10.84,0.998,0.995,820.88,886.82
64.54,1.76,0.3819,17,8,2.5815,12.82,0.9723,0.995,742.81,810.62
26.63,1.45,0.5365,17,7,3.7526,15.2,0.998,0.995,868.27,932.26
38.32,1.85,0.3745,11,5,3.7984,11.59,0.9855,0.995,831.89,899.09
38.86,2.03,0.4326,13,6,1.6632,14.1,0.9638,0.995,632.12,705.02
65.31,2.31,0.642,15,6,1.2065,11.82,0.9854,0.9524,578.33,654.74
26.18,1.95,0.3828,18,9,3.955,11.05,0.9876,0.995,838.96,905.74
31.25,2.14,0.3285,17,8,3.7372,8.25,0.9777,0.995,786.93,863.43
72.99,1.24,0.3276,17,8,1.3552,8.04,0.9444,0.9833,554.29,611.46
35.71,1.69,0.6763,16,9,3.5325,10.27,0.998,0.9871,790.01,857.31
64.16,1.01,0.5028,18,9,2.4819,12.06,0.992,0.995,718.62,775.67
39.29,1.37,0.4638,11,5,1.9251,16.51,0.9732,0.995,694.62,752.72
30.97,2.09,0.6244,12,6,3.6605,15.98,0.998,0.995,871.33,943.03
39.59,2.49,0.6343,19,11,1.7507,10.67,0.998,0.9626,603.52,682.65
68.34,1.15,0.4329,17,10,3.8524,10.45,0.9907,0.995,854.05,908.81
76.34,1.6,0.5774,15,9,1.7757,10.27,0.9943,0.9775,628.04,692.27
74.81,2.2,0.6084,19,10,2.9183,11.39,0.998,0.995,766.65,841.64
48.83,1.31,0.5619,18,8,1.8246,12.98,0.9932,0.9864,648.75,710.46
65.09,1.83,0.3606,19,9,2.7279,12.39,0.9713,0.995,753.69,820.38
37.3,2.1,0.6504,13,5,3.1151,10.18,0.998,0.9861,742.75,817.33
42.59,1.92,0.5156,17,10,1.7326,9.3,0.9834,0.9753,586.62,658.09
78.78,1.28,0.413,19,10,2.6585,8.13,0.9821,0.995,704.46,764.17
25.78,1.53,0.4701,12,7,2.5134,9.54,0.9914,0.995,662.87,724.55
30.13,2.18,0.315,12,6,1.3989,15.05,0.942,0.995,609.9,680.21
37.47,1.83,0.3511,17,10,3.4913,10.44,0.9815,0.995,785.92,854.14
26.59,1.01,0.6062,14,6,2.1399,12.69,0.998,0.9841,655.38,713.43
35.89,2.14,0.3,12,5,2.8088,13.91,0.9673,0.995,758.15,829.97
59.98,1.05,0.4666,19,9,2.6414,16.87,0.9875,0.995,795.49,849.56
50.29,2.12,0.509,10,5,2.6371,16.89,0.9928,0.995,778.53,851.96
78.56,1.3,0.3219,12,6,1.5002,15.46,0.944,0.995,663.28,723.18
74.05,2.44,0.6892,18,10,2.3857,8.35,0.998,0.9676,674.33,751.92
45.51,1.55,0.3905,14,6,2.4666,13.75,0.9697,0.995,716.13,778.36
40.57,1.49,0.4217,19,10,3.2542,15.87,0.9878,0.995,827.58,889.2
47.78,1.22,0.4216,11,6,3.5521,8.17,0.9958,0.995,776.75,834.04
60.42,1.46,0.3922,16,7,2.726,13.5,0.9775,0.995,758.36,821.23
41.08,2.31,0.3006,11,6,1.443,16.58,0.9437,0.995,641.16,715.2
62.45,2.49,0.5917,13,7,1.8632,12.74,0.9948,0.982,662.21,740.81
49.56,1.55,0.6867,16,9,1.6618,8.04,0.998,0.9515,566.39,628.43
58.12,1.67,0.3897,13,7,1.5489,8.11,0.9624,0.9837,564.35,630.44
51.17,2.08,0.5652,16,9,2.2245,12.17,0.997,0.9942,680.59,753.25
42.67,2.33,0.5968,16,7,1.8423,9.55,0.998,0.9725,601.8,677.4
81.91,1.89,0.6394,10,5,1.8112,14.64,0.9966,0.982,690.51,760.69
70.82,1.59,0.4691,15,7,1.3531,15.09,0.9634,0.9922,644.47,707.31
33.41,1.62,0.4212,18,8,1.2495,9.78,0.9517,0.9794,535.98,601.65
77.11,2.04,0.4301,11,5,1.4878,16.89,0.9602,0.995,673.22,744.34
54.25,1.0,0.585,12,7,1.6822,12.42,0.9926,0.9753,624.76,678.22
78.67,1.93,0.6267,19,10,2.4068,9.43,0.998,0.9864,688.49,753.62
72.99,1.53,0.3726,14,6,2.6295,15.64,0.9736,0.995,781.64,841.25
50.51,2.19,0.4484,18,10,1.5937,15.9,0.9616,0.995,652.4,720.86
26.35,1.14,0.6608,13,8,2.3894,14.39,0.998,0.9876,706.09,764.04
41.12,1.88,0.6227,10,4,2.1569,16.53,0.998,0.995,716.35,783.94
57.5,1.72,0.6939,13,6,1.7136,15.37,0.998,0.9737,666.31,732.3
63.01,1.96,0.6017,15,8,1.2192,16.82,0.9739,0.9703,642.44,711.53
40.47,1.1,0.4573,14,6,2.5077,12.34,0.9895,0.995,704.27,761.9
33.36,1.87,0.5363,10,5,3.1198,15.48,0.998,0.995,804.25,873.52
75.1,1.84,0.5644,13,5,1.8336,18.0,0.9854,0.995,729.96,797.68
84.06,1.84,0.3314,15,7,1.5691,15.25,0.9487,0.995,671.5,739.32
56.54,1.91,0.5178,19,10,3.6837,9.14,0.998,0.995,806.65,875.51
35.3,2.01,0.5837,19,10,1.9701,13.18,0.9966,0.986,652.37,725.38
41.34,2.21,0.3669,13,7,1.8261,13.87,0.959,0.995,656.45,725.55
26.1,1.4,0.6123,18,10,3.5999,9.74,0.998,0.9928,782.33,842.06
79.86,2.24,0.5335,14,8,3.4879,17.63,0.998,0.995,906.37,981.66
32.07,1.75,0.6809,17,9,2.4554,9.76,0.998,0.9756,664.07,732.5
59.59,1.12,0.317,18,7,2.5699,9.78,0.969,0.995,696.75,754.34
41.44,1.09,0.4061,19,10,1.8097,17.15,0.967,0.995,696.26,752.21
58.25,1.5,0.5406,14,6,1.4192,12.65,0.9743,0.9774,602.18,668.42
64.09,2.18,0.4186,15,8,2.8056,8.63,0.9886,0.995,718.67,791.68
74.78,2.06,0.5858,10,5,1.4754,13.98,0.9811,0.9753,643.39,714.37
37.39,2.18,0.6036,16,8,2.458,14.02,0.998,0.995,717.36,792.77
25.66,1.78,0.341,13,6,3.8334,8.65,0.9789,0.995,795.93,863.52
33.21,1.66,0.5055,11,6,3.8679,17.73,0.998,0.995,911.66,978.44
79.0,1.22,0.5036,14,8,1.8701,13.44,0.9767,0.9906,678.58,739.02
77.43,1.49,0.4477,12,6,2.9475,13.6,0.9939,0.995,798.18,859.82
60.84,1.65,0.6732,15,9,2.5274,13.2,0.998,0.9867,735.58,803.88
61.03,1.13,0.631,17,8,3.6519,14.11,0.998,0.995,865.59,917.65
64.9,1.33,0.5789,16,8,1.96,10.64,0.998,0.9793,646.17,702.18
35.52,1.9,0.5857,12,7,1.2104,10.87,0.9773,0.9531,541.59,608.69
79.86,2.1,0.4847,17,8,1.6552,13.11,0.9724,0.9858,654.52,725.22
50.13,2.5,0.6684,11,6,2.1787,16.07,0.998,0.9899,724.2,802.39
47.99,2.4,0.5778,19,8,2.084,8.5,0.998,0.9786,618.94,693.55
56.14,1.96,0.5916,18,7,3.4158,14.03,0.998,0.995,840.52,909.95
27.82,1.63,0.6447,13,8,3.1056,16.07,0.998,0.995,806.42,870.49
34.98,1.95,0.4096,10,4,2.0388,9.57,0.9736,0.995,619.31,692.63
69.28,2.18,0.6228,17,10,2.4817,8.15,0.998,0.9785,677.16,748.23
29.97,1.18,0.3781,16,9,1.4676,11.13,0.9539,0.995,569.48,623.77
61.19,1.61,0.4381,14,6,3.7148,13.88,0.9907,0.995,873.85,940.31
39.72,2.26,0.4342,19,10,3.8192,9.38,0.9956,0.995,818.37,890.84
48.36,1.58,0.6914,14,6,3.9434,12.26,0.998,0.9924,870.82,934.27
42.32,1.86,0.6426,16,8,3.6319,13.52,0.998,0.995,841.69,908.26
46.34,1.88,0.5805,14,6,1.6871,13.99,0.9915,0.9855,639.1,708.8
68.14,1.28,0.5908,17,8,1.3294,10.74,0.9873,0.9559,578.99,635.39
42.83,1.54,0.5248,15,7,2.8229,12.0,0.998,0.995,738.78,796.33
58.98,1.5,0.6788,14,7,3.7553,15.78,0.998,0.995,900.2,965.32
53.56,1.04,0.4985,18,11,1.6966,17.41,0.9747,0.995,685.59,741.67
64.82,1.04,0.4522,11,6,1.2197,16.62,0.9558,0.9873,635.25,692.94
81.21,2.25,0.3652,10,5,3.4554,13.64,0.9812,0.995,857.83,934.07
68.95,1.41,0.6145,17,9,1.415,12.1,0.991,0.9683,609.31,668.62
37.9,1.78,0.5938,12,7,2.3584,11.33,0.998,0.9816,672.71,739.49
26.87,1.45,0.4537,16,7,3.1009,9.25,0.9901,0.995,723.54,786.27
40.74,2.41,0.3101,19,10,1.863,9.07,0.9535,0.995,594.25,670.2
60.7,1.39,0.6356,17,10,1.4351,14.88,0.9857,0.9739,640.62,700.83
28.09,1.64,0.3046,15,7,3.3561,10.6,0.9756,0.995,772.58,836.82
54.78,2.31,0.5815,19,10,2.9645,10.55,0.998,0.995,741.55,818.36
60.81,2.26,0.6881,18,10,3.9678,17.98,0.998,0.995,948.5,1021.92
45.05,1.28,0.4751,16,9,2.1641,9.88,0.9835,0.995,645.25,705.64
71.25,2.2,0.394,19,10,1.3729,9.48,0.956,0.9791,573.17,646.92
31.4,1.69,0.5819,14,6,3.2562,8.99,0.998,0.9934,742.42,805.8
29.51,1.72,0.6269,17,8,2.6609,13.8,0.998,0.995,732.45,798.92
68.69,1.2,0.5186,11,4,1.797,14.28,0.9811,0.995,676.82,731.74
54.73,1.12,0.6868,16,9,3.3888,11.65,0.998,0.9916,808.73,866.34
66.3,2.09,0.3207,13,5,1.7705,13.35,0.9487,0.995,657.18,730.34
51.09,1.74,0.5019,18,10,1.9299,15.88,0.9789,0.995,690.17,758.58
39.78,1.66,0.5874,10,4,1.4591,16.18,0.9877,0.9831,631.43,694.35
74.15,2.09,0.6451,16,7,2.3184,17.58,0.998,0.995,774.98,845.32
72.96,2.15,0.3717,15,7,2.373,16.24,0.9719,0.995,758.79,831.59
66.68,1.24,0.62,17,9,2.6408,13.65,0.998,0.9934,758.36,815.99
41.33,1.92,0.5211,14,6,3.1851,9.8,0.998,0.995,750.06,814.93
60.41,1.2,0.4586,10,5,3.7371,9.0,0.998,0.995,823.21,880.18
46.66,2.13,0.3527,10,5,1.5857,8.55,0.9571,0.995,565.32,637.79
30.49,1.99,0.6461,18,8,1.3522,14.67,0.9914,0.9684,599.03,670.95
80.04,2.43,0.3629,19,8,1.2519,16.08,0.9419,0.995,639.79,719.7
33.21,1.1,0.4239,15,9,1.6021,13.09,0.9666,0.995,606.06,662.86
82.01,1.09,0.416,19,10,3.0423,8.55,0.9802,0.995,754.87,812.29
51.76,1.42,0.6486,14,6,3.2369,13.35,0.998,0.995,806.79,870.06
